title|images|stars|count
Amazon Brand - Solimo Microfiber Reversible Comforter, Single (Aqua Blue & Olive Green, 200 GSM)|https://m.media-amazon.com/images/I/81Vzm0NAr8L._AC_UL400_.jpg|4.3|26753
Amazon Brand - Solimo Microfibre Reversible Comforter, Single (Sandy Beige & Walnut Brown, 200 GSM)|https://m.media-amazon.com/images/I/81wWS8RqpOL._AC_UL400_.jpg|4.3|16651
Printed Queen-Comforter-Set Grey - Luxurious Soft Brushed Microfiber - Goose Down Alternative Cozy, Warm & Comfortable Comforter with 2 Pillow Shams - Exceptionally Durable - by Utopia Bedding|https://m.media-amazon.com/images/I/81hPK2dvleL._AC_UL400_.jpg|4.6|15000
Amazon Brand - Solimo Microfibre Reversible Comforter, Single (Plum Purple and Moody Mauve, 200 GSM)|https://m.media-amazon.com/images/I/71MgsgefbFL._AC_UL400_.jpg|4.3|13914
Amazon Brand - Solimo Microfibre Reversible Comforter, Single (Ocean Blue and Mild Blue, 200 GSM)|https://m.media-amazon.com/images/I/819BsLiE54L._AC_UL400_.jpg|4.3|13914
"Trance Home Linen Pure Cotton Reversible Dohar Single Bed Size | AC Blanket Comforter | Soft Light-Weight Bed Blanket (56 x 88 inch, Grey White Leaves, Pack of 1)"|https://m.media-amazon.com/images/I/71+r1v7VjyL._AC_UL400_.jpg|4.3|9552
Divine Casa Microfibre Mild Winter Abstract Printed Reversible Single Bed Comforter Blanket Light Weight Quilt Duvet, Navy Blue & White 1 Pieces|https://m.media-amazon.com/images/I/81KUD5T62SL._AC_UL400_.jpg|4.2|8890
Divine Casa Microfibre All-Weather 150 GSM Printed Reversible Double Bed Quilt Comforter Blanket - (Dark Blue and Grey)|https://m.media-amazon.com/images/I/81KUD5T62SL._AC_UL400_.jpg|4.2|8890
Divine Casa All Season Microfibre AC Room 150 GSM Printed Reversible Double Bed Quilt Comforter Blanket - (Greenery and Swedish Blue)|https://m.media-amazon.com/images/I/81dErjseq0L._AC_UL400_.jpg|4.2|8890
"Cloth Fusion Microfiber Reversible AC Comforter/Blanket for Single Bed | Ultra Soft & Dual Colour All Weather Duvet |Grey & Maroon, 200 GSM"|https://m.media-amazon.com/images/I/71GMGQBLxZL._AC_UL400_.jpg|4.2|6619
Wakefit Comforter Double Bed, 220 GSM, Quilt, AC Blanket, Dohar Double Bed Cotton King Size Reversible Microfibre, Pack of 1 (Grey and Dark),Polyester|https://m.media-amazon.com/images/I/41IzqopeefL._AC_UL400_.jpg|4.4|6596
Divine Casa 120 GSM Polyester Reversible Lightweight Printed Single Bed AC Dohar Blanket - Deep Blue and White|https://m.media-amazon.com/images/I/81f-DBxHjBL._AC_UL400_.jpg|4.3|6241
Elegant Comfort Heavy Weight Micromink Sherpa-Backing Reversible Down Alternative Micro-Suede 3-Piece Comforter Set, Queen, Grey|https://m.media-amazon.com/images/I/91zp6gCed1L._AC_UL400_.jpg|4.6|5512
Divine Casa Microfibre All-Weather 120 GSM Reversible Single Bed Quilt Comforter Blanket - (Blue and Orange 1, Geometric)|https://m.media-amazon.com/images/I/815z3K2AWwL._AC_UL400_.jpg|4.2|4077
Divine Casa Microfibre Mild Winter 110 GSM Reversible Single Bed Quilt Comforter Blanket - (Green and Yellow, Geometric)|https://m.media-amazon.com/images/I/81jGnGUpYpL._AC_UL400_.jpg|4.2|4077
Divine Casa Microfibre All-Weather 150 GSM Reversible Double Bed Quilt Comforter Blanket - (Blue and Orange 1, Geometric)|https://m.media-amazon.com/images/I/41thGrluAZL._AC_UL400_.jpg|4.2|4077
Divine Casa Microfibre Mild Winter 110 GSM Reversible Single Bed Quilt Comforter Blanket - (Blue and Red, Geometric)|https://m.media-amazon.com/images/I/8131JrdRqtL._AC_UL400_.jpg|4.2|4077
AmazonBasics Micromink Sherpa Comforter Set - Single Size, Charcoal - With Pillow Cover (Polyester)|https://m.media-amazon.com/images/I/81OjbGD8S9L._AC_UL400_.jpg|4|3197
AmazonBasics Down Alternative & Microfiber Comforter, Single (64 x 88 Inches), White, Pack of 1, wrinkle_resistant|https://m.media-amazon.com/images/I/71EwvyC4A1L._AC_UL400_.jpg|4.4|3108
Divine Casa Microfibre Mild Winter 110 GSM Reversible Single Bed Quilt Comforter Blanket - (Blue and White, Abstract)|https://m.media-amazon.com/images/I/71ygvrShn4L._AC_UL400_.jpg|4.3|3053
"Livpure Smart All Weather Microfiber Reversible | Super Soft | Antibacterial | Lightweight 200 GSM Comforter, Single Size Duvet Quilt (60"" x 90"", Dual Color - Orange & Grey)"|https://m.media-amazon.com/images/I/310BKsI9skL._AC_UL400_.jpg|4.1|3039
"Story@Home 100% Cotton Reversible Summer Dohar Double Bed AC Blanket for Summer Light Weight Soft Blanket(94""x88"", White & Olive Green)"|https://m.media-amazon.com/images/I/71-r4WXMBRL._AC_UL400_.jpg|4.2|2937
Amazon Brand - Solimo Microfibre Reversible Quilt Blanket, Double, 120 GSM, Vivid Pink and Taupe Grey|https://m.media-amazon.com/images/I/81JINkoTpRL._AC_UL400_.jpg|4.3|2830
Divine Casa 120 GSM Polyester Reversible Lightweight Printed Single Bed AC Dohar Blanket - Navy Blue and Orange|https://m.media-amazon.com/images/I/818qNayD1hL._AC_UL400_.jpg|4.3|2420
Divine Casa 120 GSM Polyester Reversible Lightweight Printed Single Bed AC Dohar Blanket - Black and White|https://m.media-amazon.com/images/I/71nwnZLorFL._AC_UL400_.jpg|4.3|2390
"Divine Casa Microfiber 150 GSM Reversible AC Comforter/Blanket for Single Size Bed | Ultra Soft & Dual Colour Winter Duvet Comforter Pink, Floral"|https://m.media-amazon.com/images/I/713bD-ZHWaL._AC_UL400_.jpg|4.2|2360
Divine Casa Microfibre All-Weather 150 GSM Printed Reversible Double Bed Quilt Comforter Blanket - (Galaxy Blue and White)|https://m.media-amazon.com/images/I/710pH50Vj0L._AC_UL400_.jpg|4.2|2360
Divine Casa Microfibre Mild Winter 110 GSM Printed Reversible Single Bed Quilt Comforter Blanket - (Galaxy Blue and White)|https://m.media-amazon.com/images/I/710pH50Vj0L._AC_UL400_.jpg|4.2|2360
Divine Casa Microfibre Mild Winter 110 GSM Reversible Single Bed Quilt Comforter Blanket - (Black, Floral)|https://m.media-amazon.com/images/I/81fYPtzXoXL._AC_UL400_.jpg|4.2|2360
Divine Casa Microfibre All-Weather 150 GSM Printed Reversible Double Bed Quilt Comforter Blanket - (Turquoise Blue and Green)|https://m.media-amazon.com/images/I/81hdbeX5K5L._AC_UL400_.jpg|4.2|2360
Divine Casa Microfibre Mild Winter 110 GSM Reversible Single Bed Quilt Comforter Blanket - (Green and Grey, Abstract)|https://m.media-amazon.com/images/I/814tNpru9AL._AC_UL400_.jpg|4.2|2360
Divine Casa Microfibre Mild Winter 110 GSM Reversible Single Bed Quilt Comforter Blanket - (Orange and Brown, Stripe)|https://m.media-amazon.com/images/I/81nVuGqRvJL._AC_UL400_.jpg|4.2|2360
Divine Casa Microfibre All-Weather 150 GSM Reversible Double Bed Quilt Comforter Blanket - (Blue and Orange, Geometric)|https://m.media-amazon.com/images/I/81l2gvFfUyL._AC_UL400_.jpg|4.2|2360
Divine Casa Microfibre All-Weather 150 GSM Reversible Double Bed Quilt Comforter Blanket - Yellow and Green, Geometric|https://m.media-amazon.com/images/I/81D9yE-tZ1L._AC_UL400_.jpg|4.2|2360
Divine Casa Microfibre Mild Winter 110 GSM Reversible Single Bed Quilt Comforter Blanket - (Black and Grey, Abstract)|https://m.media-amazon.com/images/I/71h0ZwD2BXL._AC_UL400_.jpg|4.3|2314
Divine Casa Microfibre Mild Winter 110 GSM Printed Reversible Single Bed Quilt Comforter Blanket - (Grey and White)|https://m.media-amazon.com/images/I/814MeTpo3xL._AC_UL400_.jpg|4.3|2314
Divine Casa Microfibre Mild Winter 110 GSM Reversible Single Bed Quilt Comforter Blanket - (Pink and Blue, Floral)|https://m.media-amazon.com/images/I/71G-couzS1L._AC_UL400_.jpg|4.3|2314
Divine Casa Microfibre All-Weather 150 GSM Reversible Double Bed Quilt Comforter Blanket - (Black and Grey, Abstract)|https://m.media-amazon.com/images/I/71h0ZwD2BXL._AC_UL400_.jpg|4.3|2314
Divine Casa Microfibre Mild Winter 110 GSM Reversible Single Bed Quilt Comforter Blanket - (Cyan and Navy Blue, Abstract)|https://m.media-amazon.com/images/I/81a1mSeoupL._AC_UL400_.jpg|4.3|2314
Divine Casa Microfibre All-Weather 150 GSM Reversible Double Bed Quilt Comforter Blanket - (D Blue, Geometric)|https://m.media-amazon.com/images/I/81vWzwhQWcL._AC_UL400_.jpg|4.3|2314
Divine Casa Microfibre AC Room 150 GSM Bluebell Lightweight Double Bed Quilt Comforter Blanket - (Green and Sea Green)|https://m.media-amazon.com/images/I/81t8C2HetdL._AC_UL400_.jpg|4.3|2314
Amazon Brand - Solimo Microfiber Reversible Comforter, Single (Ruby Red & Aqua Blue, 200 GSM)|https://m.media-amazon.com/images/I/81+dDj6XnbL._AC_UL400_.jpg|4.2|2182
Divine Casa 120 GSM Polyester Reversible Lightweight Printed Single Bed AC Dohar Blanket - Sky Blue and White|https://m.media-amazon.com/images/I/7164phovf3L._AC_UL400_.jpg|4.2|2101
Amazon Brand - Solimo Microfibre Reversible Comforter, Single (Ash Grey & Deep Teal, 200 GSM)|https://m.media-amazon.com/images/I/71Z4pp168LL._AC_UL400_.jpg|4.2|1787
AmazonBasics Pinch Pleat Comforter Bedding Set, Full / Queen, Navy Blue|https://m.media-amazon.com/images/I/81xGpR6n5BL._AC_UL400_.jpg|4.4|1394
VAS COLLECTIONS 220 GSM Microfiber Reversible AC Comforter/Blanket for Winter/Quilt/Duvets for Single Size Bed (240X152 cm, Light Green)|https://m.media-amazon.com/images/I/61T9SocYZ3L._AC_UL400_.jpg|4|1324
Amazon Brand - Solimo Microfibre Reversible Comforter, Double (Stone Blue & Silver Grey, 200 GSM)|https://m.media-amazon.com/images/I/71Dz-yRijjL._AC_UL400_.jpg|4.3|1208
"AmazonBasics Reversible Microfiber Comforter - Queen (86""x92"") - White, Pack of 1"|https://m.media-amazon.com/images/I/81XH5VJ1ARL._AC_UL400_.jpg|4.2|1186
Amazon Basics Kid's Comforter Set - Soft, Easy-Wash Microfiber - Twin Size, Light Pink|https://m.media-amazon.com/images/I/617F-VBaV9L._AC_UL400_.jpg|4.6|1143
3 Pc Black and Grey Comforter Set, Alternative Down, King/Queen Size, Karalai Bedding Collection (Queen) by Karalai Bedding Collection|https://m.media-amazon.com/images/I/718Qrs4bZUL._AC_UL400_.jpg|4.5|1012
Divine Casa Microfiber Mild Winter 110 GSM Printed Reversible Design Set of 2 Single Bed Quilt Comforter Blanket - (Navy Blue and Dark Blue)|https://m.media-amazon.com/images/I/81qP7GpZrlL._AC_UL400_.jpg|4.3|926
AmazonBasics Easy-Wash Microfiber Kid's Comforter and Pillow Cover Set (Pillow not included) - Single, Multi-Color Zoo Animals|https://m.media-amazon.com/images/I/81-d63bj+kL._AC_UL400_.jpg|4.5|920
"Sleepyhead 220 GSM Microfiber Double Size Reversible Comforter (Ocean Blue & Ash Grey, 90""X60""; Single Size)"|https://m.media-amazon.com/images/I/51uanS+ASGL._AC_UL400_.jpg|4.4|882
"Sleepyhead 220 GSM Microfiber Double Size Reversible Comforter (Coffee Brown & Ash Grey, 90""X60""; Single Size)"|https://m.media-amazon.com/images/I/6185DrwN0SL._AC_UL400_.jpg|4.4|882
"Sleepyhead 220 GSM Microfiber Double Size Reversible Comforter (Royal Blue & Ash Grey, 90""X60""; Single Size)"|https://m.media-amazon.com/images/I/51hUjYlot8L._AC_UL400_.jpg|4.4|882
"Sleepyhead 220 GSM Microfiber Double Size Reversible Comforter (Deep Teal and Ash Grey, 90""X60""; Single Size)"|https://m.media-amazon.com/images/I/51T+aynQgmL._AC_UL400_.jpg|4.4|882
"Sleepyhead 220 GSM Microfiber Double Size Reversible Comforter (Citrus Orange & Ash Grey, 90""X60""; Single Size)"|https://m.media-amazon.com/images/I/61H62nCCA5L._AC_UL400_.jpg|4.4|882
"Sleepyhead 220 GSM Microfiber Double Size Reversible Comforter (Lemon Green & Ash Grey, 90""X60""; Single Size)"|https://m.media-amazon.com/images/I/61pNsXnJUIL._AC_UL400_.jpg|4.4|882
BSB HOME® 2nd Gen 220 GSM Microfiber Reversible AC Comforter/Blanket for Winter/Quilt/Duvets for King Size Double Bed (230X250 cm, Light Pink, Blue Flower)|https://m.media-amazon.com/images/I/91sxPf7gV6L._AC_UL400_.jpg|3.9|848
Amazon Brand - Solimo Microfibre Reversible Comforter, Single (Mellow Mauve & Royal Violet, 200 GSM)|https://m.media-amazon.com/images/I/81SY-3ZTneL._AC_UL400_.jpg|4.4|846
SleepyCat Luxurious All Season Reversible Comforter - Hotel Like Feel with Down Alternative Lightweight Microfiber Fill, Double Size 90x100 inches (200 GSM, Rhino Grey and Coconut White)|https://m.media-amazon.com/images/I/61RXiLSNI3L._AC_UL400_.jpg|4.4|769
BSB HOME 220 GSM Microfiber Reversible AC Comforter/Blanket for Winter/Quilt/Duvets for King Size Double Bed (230X250 cm, Pink and White)|https://m.media-amazon.com/images/I/91ODpiNxXsL._AC_UL400_.jpg|4.2|671
"Trance Home Linen Pure Cotton Reversible Dohar Single Bed Size | AC Blanket Comforter | Soft Light-Weight Bed Blanket (56 x 88 inch, Aangan Red, Pack of 1)"|https://m.media-amazon.com/images/I/81+gXJV++TL._AC_UL400_.jpg|4.2|666
COZY FURNISH Babies & Kids Super Soft All Season Use Reversible Kids Comforter, Blanket (150 GSM)(0-8 Years)(Size: L-60 Inches & W- 45 Inches)|https://m.media-amazon.com/images/I/71BbflR95cL._AC_UL400_.jpg|4.2|627
COZY FURNISH Babies & Kids Super Soft All Season Use Reversible Kids Comforter, Blanket (150 GSM)(0-8 Years)(Size: L-60 Inches & W- 45 Inches, Microfibre Cotton, blue red)|https://m.media-amazon.com/images/I/71cXuIDzo3L._AC_UL400_.jpg|4.2|627
Amazon Basics Microfiber 2-Piece Duvet Cover Set - Single (66x90-inch), Frosted Lavender - with Pillow Cover|https://m.media-amazon.com/images/I/71PBmBxseLL._AC_UL400_.jpg|3.6|529
Amazon Brand - Solimo Arendale Microfibre Printed Quilt Blanket/Comforter, Double, 120 GSM, Yellow and Red, reversible|https://m.media-amazon.com/images/I/91nSNzn24jL._AC_UL400_.jpg|4.3|499
Amazon Brand - Solimo Microfibre Double Comforter, Red, Pack of 1, reversible|https://m.media-amazon.com/images/I/A1n7yIAft0L._AC_UL400_.jpg|4.2|498
AmazonBasics Polyester Microfiber Duvet Cover Set with 2 Pillow Covers (Cream, Full/Queen Size)|https://m.media-amazon.com/images/I/81Y2S7lpNtL._AC_UL400_.jpg|4.2|464
Amazon Brand - Solimo Animal Farm Microfibre Printed Quilt Blanket/Comforter, Single, 120 GSM, White, reversible|https://m.media-amazon.com/images/I/91FZqjMQ0dL._AC_UL400_.jpg|4.4|458
Amazon Brand - Solimo Animal Farm Microfibre Printed Quilt Blanket/Comforter, Double, 120 GSM, White, reversible|https://m.media-amazon.com/images/I/91OVRBV19JL._AC_UL400_.jpg|4.5|406
AmazonBasics Kid's Comforter Set - Soft, Easy-Wash Microfiber - Small_Single Size, White Anchors, Pack of 1 Piece|https://m.media-amazon.com/images/I/81QwhRu9ksL._AC_UL400_.jpg|4.5|399
Amazon Basics Microfiber Comforter Cover Set With Pillow Cover - Single (66X90-Inch, Taupe, 2-Piece, Duvet Cover, Pillowcase)|https://m.media-amazon.com/images/I/61SHG1KEbCL._AC_UL400_.jpg|3.4|369
Amazon Brand - SolimoVictoria Microfibre Printed Quilt Blanket/Comforter, Double, 120 GSM, Orange, reversible|https://m.media-amazon.com/images/I/91nSer7VO5L._AC_UL400_.jpg|4.2|368
Divine Casa Microfibre All-Weather 150 GSM Printed Reversible Double Bed Quilt Comforter Blanket - (Yellow and Grey)|https://m.media-amazon.com/images/I/71JeVNlCPRL._AC_UL400_.jpg|4.2|360
Harbell Home Anjali Overseas 200 GSM 400 TC Kids Glace Cotton Reversible Cartoon Printed Double Bed King Size Comforter with Matching Bedsheet 90 * 100 with 2 Pillow Covers Set of 4 Pieces. Panda|https://m.media-amazon.com/images/I/71gHzuIDKJL._AC_UL400_.jpg|3.9|345
"Story@Home Cotton 100% Cotton Reversible Dohar Single Bed AC Summer/Blanket/Quilt Single (Grey and Yellow, 86"" x 56"")"|https://m.media-amazon.com/images/I/71x14rGoZSL._AC_UL400_.jpg|4.2|306
"MammaYo Razzai 500 GSM Winter Comforter Premium Collection Quilted Revesible Comforter (92"" x 106"" Inches/233cm x 269cm) - King Size Comforter|Silver/Beige"|https://m.media-amazon.com/images/I/51FfD-vwumL._AC_UL400_.jpg|4.4|301
"Divine Casa Microfiber 110 GSM Reversible AC Comforter/Blanket for Single Bed | Ultra Soft & Dual Colour All Weather Duvet Comforter |Black and Grey 1, Geometric"|https://m.media-amazon.com/images/I/71NQGCwZI+L._AC_UL400_.jpg|4.2|300
Amazon Brand - Solimo Microfibre Printed Comforter, Single (Spring Blossom, 200 GSM), orange, reversible|https://m.media-amazon.com/images/I/A1kM1VI2NDL._AC_UL400_.jpg|4.2|293
MEHAR HOME Glace Cotton Microfiber AC Comforter/Blanket/Duvet King Size Double Bed with 1 Flat Bedsheet and 2 Pillow Cover_Vibrant Checks (Comforter Set, Pack of 3 Piece, Multicolored)|https://m.media-amazon.com/images/I/51inWQxq-aL._AC_UL400_.jpg|4.2|292
BSB HOME ® Super Soft Glace Cotton Microfiber Filling 220 GSM King Size Hot & Warm Blanket/Comforter/Quilt for Winter (230X250 cm, Lightweight, Light Pink & Light Green, Multicolour)|https://m.media-amazon.com/images/I/91Mv61Uln4L._AC_UL400_.jpg|4.1|289
"MammaYo Razzai Down Alternative Soft Quilted 300 GSM All Weather Comforter (92"" x 106"" Inches/233cm x 269cm) - King Size Comforters|Teal| Microfibre|lightweight"|https://m.media-amazon.com/images/I/61wNOvvQy4L._AC_UL400_.jpg|4.3|241
AmazonBasics Kid's Comforter Set - Soft, Easy-Wash Microfiber - Single, Multi-Color Racing Cars|https://m.media-amazon.com/images/I/81xfvUO-n4L._AC_UL400_.jpg|4.6|239
DEESSE Comforters All Season Microfiber Reversible 220 GSM Feather AC Comforter Lightweight Breathable Bedding Set Blanket Duvet Quilted Dohar Razai Rajai (Maroon-Grey, Single Bed (60x90 Inch))|https://m.media-amazon.com/images/I/710iE7cOPDL._AC_UL400_.jpg|4.6|214
"Trance Home Linen 200 GSM Microfibre King Size Duvet | Warm Quilt | Winter Comforter | Blanket for Warm Sleep | Micro Duvet King Size (100 inch x 108 inch | 254 cm x 274 cm, White, Breathable)"|https://m.media-amazon.com/images/I/717eYwg28vL._AC_UL400_.jpg|4|195
ZWERVE Glace Cotton Ac Comforter Double Bed King Size Set Duet Blanket Duvet/Ragulu/Ac Quilt Double Bed Blankets For Home Decor/Hostel All Weather, 1 Piece, Multicolour, Breathable|https://m.media-amazon.com/images/I/71YeSjNA9oL._AC_UL400_.jpg|4|194
Divine Casa Microfiber All Weather 120 GSM Reversible Single Bed Comforter/Blanket for Winter/Quilt/AC Dohar Suitable for Toodler/Infants Upto 5 Years (135X100 cm, Dark Blue and Grey)|https://m.media-amazon.com/images/I/81gkX100EJL._AC_UL400_.jpg|3.7|193
Divine Casa Microfiber All Weather 120 GSM Reversible Single Bed Comforter/Blanket for Winter/Quilt/AC Dohar Suitable for Toodler/Infants Upto 5 Years (135X100 cm, Sea Green and Blue)|https://m.media-amazon.com/images/I/81PrvneY0VL._AC_UL400_.jpg|3.7|193
Divine Casa Microfiber Lightweight All Weather 120 GSM Single Bed Comforter/Blanket/AC Dohar Suitable for Toodler/Infants Upto 5 Years (135X100 cm, Blue and Orange 1, Geometric)|https://m.media-amazon.com/images/I/81x5EMWpEpL._AC_UL400_.jpg|3.7|193
Divine Casa Microfiber All Weather 120 GSM Reversible Single Bed Comforter/Blanket for Winter/Quilt/AC Dohar Suitable for Toodler/Infants Upto 5 Years (135X100 cm, Black and Grey, Abstract)|https://m.media-amazon.com/images/I/71d5FILnX9L._AC_UL400_.jpg|3.7|193
PESOMA Comforters All Season Microfiber Reversible 220 GSM Feather AC Comforter Lightweight Breathable Bedding Set Blanket Duvet Quilted Dohar Razai (Pink-Grey, Single Bed (60x90 Inch))|https://m.media-amazon.com/images/I/71OOmUoqXvL._AC_UL400_.jpg|3.6|191
Cathay Home Oasis Pintuck Comforter Set, Twin, Coral|https://m.media-amazon.com/images/I/6170zO4jt3L._AC_UL400_.jpg|4.3|165
Appealing Home Ac Blanket Comforters Double Bed King Size Summer Edition– AC Quilt for Double King Size 220 GSM Size 90x95 Inch (Reversible 2 in 1 Comforter-Blanket-Quilt Dohar) Set of 4pc (DESIGN36)|https://m.media-amazon.com/images/I/81mEaXsKh0L._AC_UL400_.jpg|3.7|161
Divine Casa Microfibre Mild Winter 110 GSM Printed Reversible Single Bed Quilt Comforter Blanket - (Dazzling Blue and White)|https://m.media-amazon.com/images/I/71a1oK74P8L._AC_UL400_.jpg|4.2|160
BSB HOME® 150 GSM Machine Quilted Reversible Double Bed AC Blanket Or Comforter for Summer- White and Grey|https://m.media-amazon.com/images/I/91sxPf7gV6L._AC_UL400_.jpg|3.8|159
BSB HOME® 2nd Gen 220 GSM Microfiber Reversible AC Comforter/Blanket for Winter/Quilt/Duvets for King Size Double Bed (230X250 cm, Light Grey Pink Flower)|https://m.media-amazon.com/images/I/61ZJplJ32wL._AC_UL400_.jpg|4|156
Amazon Brand - Solimo Xander Microfibre Printed Comforter, Single, 200 GSM, Green and Yellow(Reversible;Lightweight)|https://m.media-amazon.com/images/I/91xWbdWauDL._AC_UL400_.jpg|3.8|148
BSB HOME® 2nd Gen 200 GSM Microfiber Reversible Quilted Solid Super Soft and Cozy AC Comforter/Blanket/Quilt/Duvets for King Size/Double Bed Size (230X250 cm, Grey/Black)|https://m.media-amazon.com/images/I/81Vmgs9l7LL._AC_UL400_.jpg|3.8|148
"Day Care - Double Bed Comforter for Winter 500 GSM Diamond Stitch Microfiber Comforter (90"" x 100"" Inches/228cm x 254cm) Double Bed|Chocolate Brown, wrinkle resistant ""Proudly Made in India"""|https://m.media-amazon.com/images/I/81cnE9nT6jL._AC_UL400_.jpg|4.1|143
"Day Care - Single Bed Comforter for Winter 500 GSM Diamond Stitch Microfiber Comforter (60"" x 90"" Inches/152cm x 228cm) - Comforter for Single Bed|Dark Grey"|https://m.media-amazon.com/images/I/81t+5nqvugL._AC_UL400_.jpg|4.1|143
"Day Care - Double Bed Comforter for Winter 500 GSM Diamond Stitch Microfiber Comforter (90"" x 100"" Inches/228cm x 254cm) for Double Bed|White, Premium, wrinkle resistant ""Proudly Made in India"""|https://m.media-amazon.com/images/I/8105myEIngL._AC_UL400_.jpg|4.1|143
"Day Care - King Size Bed Comforter for Winter 500 GSM Diamond Stitch Microfiber Comforter (92"" x 106"" Inches/233cm x 269cm) - Comforter for King Size Bed|Burgundy"|https://m.media-amazon.com/images/I/81gYpOUQqdL._AC_UL400_.jpg|4.1|143
"Day Care - 200 GSM Soft AC Comforter Hotel Quality-Down Alternative Reversible Comforter (60"" x 90"" Inches/152cm x 228cm) - All Season |AC Comforter/Blanket/Quilt/Rajai Single Bed|Silver/Gold Yellow"|https://m.media-amazon.com/images/I/81evGLbTmXL._AC_UL400_.jpg|4.1|143
"VIVEA Reserve Supersoft Microfiber Reversible AC Comforter/Duvet/Blanket/Quilt Double Bed King Size- 90"" x 100"" inch"|https://m.media-amazon.com/images/I/71vNlblVuWS._AC_UL400_.jpg|4|141
"Story@Home 100% Cotton Reversible Summer Dohar Double Bed AC Blanket for Summer Light Weight Soft Blanket(94""x88"", Whiteish and Green)"|https://m.media-amazon.com/images/I/71QdIraAr7L._AC_UL400_.jpg|4.3|139
Divine Casa Microfiber All Weather 120 GSM Reversible Single Bed Comforter/Blanket for Winter/Quilt/AC Dohar Suitable for Toodler/Infants Upto 5 Years (135X100 cm, Grey and Blue, Geometric)|https://m.media-amazon.com/images/I/81QJMMNdpaL._AC_UL400_.jpg|4.2|128
Amazon Brand - Solimo Floral Bliss Microfibre Printed Comforter, Double, 200 GSM, Grey|https://m.media-amazon.com/images/I/911BSOKLKIL._AC_UL400_.jpg|3.9|122
bien LIVING Microfiber Reversible Comforter Double Size (90 x 100 Inches), Sandy Beige + Candy Pink, 200 GSM|https://m.media-amazon.com/images/I/61twu7Hn2-L._AC_UL400_.jpg|4.3|120
bien LIVING Microfiber Reversible Comforter Double Size (90 x 100 Inches), Ash Grey + Aqua Blue, 200 GSM|https://m.media-amazon.com/images/I/51qV2EYCvcL._AC_UL400_.jpg|4.3|120
bien LIVING Microfiber Reversible Comforter Double Size (90 x 100 Inches), Ocean Blue + Aqua Blue, 200 GSM|https://m.media-amazon.com/images/I/61tUYP3TOQL._AC_UL400_.jpg|4.3|120
bien LIVING Microfiber Reversible Comforter Double Size (90 x 100 Inches), Ash Grey + Silver Grey, 200 GSM|https://m.media-amazon.com/images/I/71IX8kgH6zL._AC_UL400_.jpg|4.3|120
bien LIVING Microfiber Reversible Comforter Single Size (60 x 90 Inches), Ocean Blue + Olive Green, 200 GSM|https://m.media-amazon.com/images/I/61QhvxYcYGL._AC_UL400_.jpg|4.3|120
bien LIVING Microfiber Reversible Comforter Double Size (90 x 100 Inches), Strawberry Pink + Mossy Green, 200 GSM|https://m.media-amazon.com/images/I/81bCoDcRKHL._AC_UL400_.jpg|4.3|120
bien LIVING Microfiber Reversible Comforter Single Size (60 x 90 Inches), White, 200 GSM|https://m.media-amazon.com/images/I/71OgcJjFjyL._AC_UL400_.jpg|4.3|120
bien LIVING Microfiber Reversible Comforter Single Size (60 x 90 Inches), Ocean Blue + Aqua Blue, 200 GSM|https://m.media-amazon.com/images/I/61tUYP3TOQL._AC_UL400_.jpg|4.3|120
bien LIVING Microfiber Reversible Comforter Single Size (60 x 90 Inches), Sandy Beige + Candy Pink, 200 GSM|https://m.media-amazon.com/images/I/81XWXQxmdxL._AC_UL400_.jpg|4.3|120
bien LIVING Microfiber Reversible Comforter Single Size (60 x 90 Inches), Ash Grey + Olive Green, 200 GSM|https://m.media-amazon.com/images/I/5194iY9DUbL._AC_UL400_.jpg|4.3|120
bien LIVING Microfiber Reversible Comforter Single Size (60 x 90 Inches), Cherry Yellow + Aqua Blue, 200 GSM|https://m.media-amazon.com/images/I/610+hjaTnHL._AC_UL400_.jpg|4.3|120
Amazon Brand - Solimo Xander Microfibre Printed Comforter, Double, 200 GSM, Green and Yellow, reversible|https://m.media-amazon.com/images/I/91QUpR3HcrL._AC_UL400_.jpg|4.1|115
Divine Casa Microfibre All-Weather 150 GSM Printed Reversible Double Bed Quilt Comforter Blanket - (Navy Blue and White)|https://m.media-amazon.com/images/I/71s4lCtTalL._AC_UL400_.jpg|4.2|114
"VAS COLLECTIONS® All Weather Microfiber Comforter/Duvet/AC Quilt/Blanket - Reversible with Siliconised Filling - 200 GSM |Single - 230x152 cms (Pink & Green)"|https://m.media-amazon.com/images/I/71+wOASZ1TL._AC_UL400_.jpg|3.9|112
AmazonBasics Microfiber 2-Piece Quilt/Duvet/Comforter Cover Set - Single (66x90-inch), Yellow Scallop - with pillow cover|https://m.media-amazon.com/images/I/81xLeihIpyL._AC_UL400_.jpg|4.2|108
Story@Home Cotton Floral Pattern Reversible Single Blanket/Duvet/Comforter/AC Dohar (56 x 86 Inches, White and Blue)|https://m.media-amazon.com/images/I/91Lcu+JLhnS._AC_UL400_.jpg|3.5|106
Story@Home Microfibre Double Siliconized Polyester Filling Comforter - 250 GSM- White|https://m.media-amazon.com/images/I/61VlE5PjS7L._AC_UL400_.jpg|3.8|100
BSB HOME® 2nd Gen 220 GSM Microfiber Reversible AC Comforter/Blanket for Winter/Quilt/Duvets for King Size Double Bed (230X250 cm, Light Grey White Polka Dots)|https://m.media-amazon.com/images/I/51VW4WOStmL._AC_UL400_.jpg|3.6|98
Fareto Microfibre 58x42 inch Baby Comforter, Yellow, Peach Pink & Cherry, Pack of 1|https://m.media-amazon.com/images/I/51j0U1jvMxL._AC_UL400_.jpg|4.3|94
BSB HOME 220 GSM Microfiber Reversible AC Comforter/Blanket for Winter/Quilt/Duvets for Single Bed Size (152X240 cm, Beige and White)|https://m.media-amazon.com/images/I/91Mv61Uln4L._AC_UL400_.jpg|4|93
GYT 200 GSM Microfibre Reversible Comforter/Blanket for Double Bed Ultra Soft & Dual Colour All Weather Comforter- AC comforters|https://m.media-amazon.com/images/I/81WzO7KNadL._AC_UL400_.jpg|4.4|87
Divine Casa Microfibre All-Weather 150 GSM Single Needle Solid Reversible Single Bed Quilt Comforter Blanket - (D Green and Dark Blue)|https://m.media-amazon.com/images/I/51kKkU+0KZL._AC_UL400_.jpg|4|86
Anjali Overseas Glace Cotton 400 TC Tiger Print King Size Bed AC Comforter , Double Bed Sheet, 2 Pillow Cover (Multicolour , 90x100 Inches) - Set of 4 Pieces|https://m.media-amazon.com/images/I/71FIIvm4vjL._AC_UL400_.jpg|3.7|81
VAS COLLECTIONS 220 GSM Microfiber Reversible AC Comforter/Blanket for Winter/Quilt/Duvets for King Size Double Bed (230X250 cm - Green|https://m.media-amazon.com/images/I/61OYMJOlBXL._AC_UL400_.jpg|3.7|79
"Razzai - 150 GSM Quilt/Dohar (60"" x 90"" Inches/152cm x 228cm) - All Season |AC Comforter/Quilt/Dohar/Blanket/Quilt/Rajai Single Bed|Dark Grey"|https://m.media-amazon.com/images/I/51Bq0yC1mVL._AC_UL400_.jpg|4.1|74
Divine Casa 100% Cotton Cambric Fabric Abstract 120 GSM Single Bed Cotton Reversible Lightweight Comforter (C Green and Yellow)|https://m.media-amazon.com/images/I/81C14rrisRL._AC_UL400_.jpg|3.5|73
SHOPICTED ® 350TC Microfiber Glace Cotton AC Comforter Set King Size Double Bed with 1 Flat bedsheet-90x100 inch and Two Pillow Covers II 4 Pcs Bedding Set - White Pyramid|https://m.media-amazon.com/images/I/61DlEuKT8qL._AC_UL400_.jpg|4.1|66
Harbell Home 150 GSM Glace Cotton Kids Single Bed 250 TC Reversible Comforter/AC Blanket for Winter/Quilts/Duvet (Unicorn)|https://m.media-amazon.com/images/I/61QO0dreCwS._AC_UL400_.jpg|4.1|64
"Day Care - 400 GSM Hotel Quality-Down Alternative Microfiber Comforter for Heavy Winter King Size Comforter/Blanket/Rajai (92"" x 106"" Inches/233cm x 269cm) - Comforter King Size|Dark Grey"|https://m.media-amazon.com/images/I/71ACfIJhTML._AC_UL400_.jpg|4.1|64
BSB HOME ® 180 GSM Cotton Machine Quilted Reversible Double Bed AC Blanket Or Comforter for Summer (Coffee)|https://m.media-amazon.com/images/I/91ZPDCKaudL._AC_UL400_.jpg|3.9|64
Amazon Brand - Solimo Microfibre Printed Comforter, 200 GSM, Yellow, Double (Cadent Curves, 230 x 254 cm)|https://m.media-amazon.com/images/I/91Uf1bxE7iL._AC_UL400_.jpg|4.1|57
"MammaYo Razzai Summer Season 100 GSM Ac Comforter Super Soft Fluffy Revesible Comforter (90"" x 100"" Inches/228cm x 254cm) - Double Bed Comforter|Silver/Teal"|https://m.media-amazon.com/images/I/51rGfUp3mhL._AC_UL400_.jpg|4.1|55
Soulful Creations Cotton Standard Comforter, Multicolour, Set Of 1 Pc|https://m.media-amazon.com/images/I/71+6lrGZL9L._AC_UL400_.jpg|4.1|54
VAS COLLECTIONS 220 GSM Microfiber Reversible AC Comforter/Blanket for Winter/Quilt/Duvets for King Size Double Bed (220X240 cm, Light Grey & White)|https://m.media-amazon.com/images/I/61Ys3dhRmbL._AC_UL400_.jpg|3.5|54
Divine Casa Microfiber All Weather 120 GSM Reversible Single Bed Comforter/Blanket for Winter/Quilt/AC Dohar Suitable for Toodler/Infants Upto 5 Years (135X100 cm, Galaxy Blue and White)|https://m.media-amazon.com/images/I/81i35gRkrhL._AC_UL400_.jpg|3.6|52
Divine Casa Microfiber All Weather 120 GSM Reversible Single Bed Comforter/Blanket for Winter/Quilt/AC Dohar Suitable for Toodler/Infants Upto 5 Years (135X100 cm, Green and Grey, Abstract)|https://m.media-amazon.com/images/I/81q1syE3moL._AC_UL400_.jpg|3.6|52
EVERDECOR Balaji Creations 250 GSM Luxury 5 Star Feel, Soft Microfibre Reversible Plain Comforter/Blanket/Quilt/Duvet/RAZAI, 60x90 Inch Single Bed Comforter (Cherry Yellow and Lime Green)|https://m.media-amazon.com/images/I/51DSKv0s+tL._AC_UL400_.jpg|4|50
Urban Space Microfibre Quilt AC Blanket, 120 GSM All Season Comforter, Reversible use 3 Layered Quilted Blanket for AC and Light Winters (Tuscany, 145 cm x 225 cm Single Bed)|https://m.media-amazon.com/images/I/61KgM9FFlAL._AC_UL400_.jpg|4.1|49
Urban Space Microfibre Quilt AC Blanket, 120 GSM All Season Comforter, Reversible use 3 Layered Quilted Blanket for AC and Light Winters (Turkey, 220 cm x 240 cm Double Bed)|https://m.media-amazon.com/images/I/616oqnVeDlL._AC_UL400_.jpg|4.1|49
Urban Space Microfibre Blanket Double Bed, 120 GSM All Season Comforter, Reversible Blanket, 3 Layered Quilted Dohar Double Bed (London, 220 cm x 240 cm AC Blanket Double Bed)|https://m.media-amazon.com/images/I/614N4DRorCL._AC_UL400_.jpg|4.1|49
Urban Space Microfibre Blanket Double Bed, 120 GSM All Season Comforter, Reversible Blanket, 3 Layered Quilted Dohar Double Bed (Mexico, 220 cm x 240 cm AC Blanket Double Bed)|https://m.media-amazon.com/images/I/61Si4vOctKL._AC_UL400_.jpg|4.1|49
Urban Space Microfibre Quilt AC Blanket, 120 GSM All Season Comforter, Reversible use 3 Layered Quilted Blanket for AC and Light Winters (Morocco, 220 cm x 240 cm Double Bed)|https://m.media-amazon.com/images/I/61VqMHHOjmL._AC_UL400_.jpg|4.1|49
Urban Space Microfibre Quilt AC Blanket, 120 GSM All Season Comforter, Reversible use 3 Layered Quilted Blanket for AC and Light Winters (Turkey, 145 cm x 225 cm Single Bed)|https://m.media-amazon.com/images/I/616oqnVeDlL._AC_UL400_.jpg|4.1|49
Urban Space Microfibre Quilt AC Blanket, 120 GSM All Season Comforter, Reversible use 3 Layered Quilted Blanket for AC and Light Winters (Newyork, 145 cm x 225 cm Single Bed)|https://m.media-amazon.com/images/I/61zQOMMKhEL._AC_UL400_.jpg|4.1|49
Urban Space Microfibre Quilt AC Blanket, 120 GSM All Season Comforter, Reversible use 3 Layered Quilted Blanket for AC and Light Winters (Eqypt, 220 cm x 240 cm Double Bed)|https://m.media-amazon.com/images/I/6124FKOMgIL._AC_UL400_.jpg|4.1|49
Amazon Brand - Solimo Microfibre Printed Comforter, 200 GSM, Orange, Single (Magic Mines, 150 x 230 cm)|https://m.media-amazon.com/images/I/918VczCZoHL._AC_UL400_.jpg|3.9|48
Divine Casa Microfiber 120 GSM Reversible Single Comforter, Baby Blanket for AC, All Season Use Size - 135 x 100 CM (Sea Green and Blue)|https://m.media-amazon.com/images/I/81kZCE+1FpL._AC_UL400_.jpg|4|46
Divine Casa Microfiber Lightweight Baby Comforter for Winter I Quilt/AC Blanket Wrapper for Toodler/Infants/Kids/Boys/Girls (135X100 cm, Pink and Blue) 0-4 Years|https://m.media-amazon.com/images/I/91ESuCrYoHL._AC_UL400_.jpg|4|46
Harbell Home Anjali Overseas 400 TC Beautiful Glace Cotton AC Comforter King Size Bed Comforter, Double Bed Sheet, 2 Pillow Cover (, 90x100 Inches) - Set of 4 Pieces. Flowers On Grey|https://m.media-amazon.com/images/I/71cyeoWjbIL._AC_UL400_.jpg|3.9|46
"RRC Soft Cotton Microfiber Printed Comforter Cover (60""x 90"" Inches , Red Tower, Single)"|https://m.media-amazon.com/images/I/71cic4BgaVL._AC_UL400_.jpg|3.6|44
Amazon Brand - Solimo Microfibre Printed Comforter, 200 GSM, Double (Carmine Candy, 228 x 254 cm)|https://m.media-amazon.com/images/I/91GS-6gaZoL._AC_UL400_.jpg|4.3|43
BSB HOME® 2nd Gen 220 GSM Microfiber Reversible AC Comforter/Blanket for Winter/Quilt/Duvets for King Size Double Bed (230X250 cm, Black & White Daimond Shape)|https://m.media-amazon.com/images/I/713PxkZkI0L._AC_UL400_.jpg|4.3|41
Linenovation Comforter Double Bed 500 GSM Soft Microfibre for Heavy Winter AC Blanket/Duvet/Dohar/Quilt for All Weather Breathable -for Double Bed-Sky Blue|https://m.media-amazon.com/images/I/61ZG1F262dL._AC_UL400_.jpg|3.7|41
"PRISCILLA Super Soft Single Bed Cartoon Printed Microfiber Kids' Glace Cotton Comforter (Size - 60"" X 90"" Inches) / Kids' Quilt/Blanket/Duvet, Suitable For Kids 0-8 Years. (Multicolor 9), Lightweight"|https://m.media-amazon.com/images/I/71P5dY4l+fL._AC_UL400_.jpg|4.4|38
"Story@Home Cotton 100% Cotton Reversible Dohar Double Bed AC Summer/Blanket/Quilt Double (Whiteish and Beige, 94"" x 88"")"|https://m.media-amazon.com/images/I/91Tw-s-IYDL._AC_UL400_.jpg|4.4|35
Bhaven Creations Premium 150 Tc Reversible Double Ac Comforter with Carry Bag (90x90 Inches, Multi)|https://m.media-amazon.com/images/I/61r7JWyCZAL._AC_UL400_.jpg|4.1|35
COZY FURNISH Cotton Babies & Kids Super Soft All Season Use Reversible Kids Comforter, Blanket (150 Gsm)(0-8 Years)(Size: L-60 Inches & W- 45 Inches, Pink)|https://m.media-amazon.com/images/I/71OLqckM5eL._AC_UL400_.jpg|4.1|34
"MammaYo Razzai Ultra-Soft Quilted Reversible Summer Season Ac Comforter 120GSM (60"" x 90"" Inches/152cm x 228cm) - Single Bed Comforter|Silver/Burgundy"|https://m.media-amazon.com/images/I/51sriYSOw0L._AC_UL400_.jpg|4.3|33
"Indian Kingdom - 500 GSM Winter Proof Comforter Premium Collection Quilted Comforter (60"" x 90"" Inches/152cm x 228cm) - Single Bed Comforter|Peach"|https://m.media-amazon.com/images/I/81e0v0U8dwL._AC_UL400_.jpg|4|33
"YRM Bedding's Queen Size Bed Comforter Microfiber 250 GSM All Weather Comforter (90"" x 90"" Inches/228cm x 228cm) Blanket/Quilt/Rajai - Comforter Queen Size Bed|Silver"|https://m.media-amazon.com/images/I/71BFoc4s-1L._AC_UL400_.jpg|4|33
"Razzai - 500 GSM Premium Soft Hotel Quality-Down Alternative Reversible Comforter (90"" x 100"" Inches/228cm x 254cm) - Double Bed|Silver/Peach"|https://m.media-amazon.com/images/I/515OBvGbdHL._AC_UL400_.jpg|4.2|32
KEA Reversible Single Bed Queen Size Microfiber Comforter/Duvet for Summers/Ac - AC Comforters, Fabric - Micro Cotton; 300 GSM|https://m.media-amazon.com/images/I/91Jlwf2yKCS._AC_UL400_.jpg|4.4|31
BSB HOME® 2nd Gen 220 GSM Microfiber Reversible AC Comforter/Blanket for Winter/Quilt/Duvets for King Size Double Bed (230X250 cm, Sky Blue & Pink)|https://m.media-amazon.com/images/I/61qKvLSBFRL._AC_UL400_.jpg|4.2|31
Amazon Brand - Solimo Microfibre Printed Comforter, 200 GSM, Double (Manhattan Maze, 230 x 254 cm)|https://m.media-amazon.com/images/I/91MQTzXDEdL._AC_UL400_.jpg|3.7|31
"VAS COLLECTIONS Microfibre All-Weather Solid Comforter/Duvet - Reversible with Siliconised Filling - for Home/Hotel/Hospital Use - Single - 230x150 cm, 200 GSM | Grey & Black"|https://m.media-amazon.com/images/I/61GVJc3YZLL._AC_UL400_.jpg|3.8|30
"MeckHome Culture 800 Series Quilted Comforter 300-GSM Soft/Fluffy Hypoallergenic Comforter/Quilt/Dohar/Rajai for (60"" x 90"" Inches) Single Bed Comforter - White"|https://m.media-amazon.com/images/I/818TlCOheeL._AC_UL400_.jpg|4.2|28
"800 Series Quilted Comforter 300-GSM Soft/Fluffy Hypoallergenic Reversible Comforter/Quilt/Dohar/Rajai for (60"" x 90"" Inches) Single Bed Comforter - Sky Blue/Silver Reversible Comforter"|https://m.media-amazon.com/images/I/81YbufP-vgL._AC_UL400_.jpg|4.2|28
"800 Series Quilted Comforter 300-GSM Soft/Fluffy Hypoallergenic Reversible Comforter/Quilt/Dohar/Rajai for (88"" x 98"" Inches) Double Bed Comforter - Burgundy/Silver Reversible Comforter"|https://m.media-amazon.com/images/I/818MLXqoFrL._AC_UL400_.jpg|4.2|28
"Indian Kingdom - 500 GSM Winter Proof Comforter Premium Collection Quilted Revesible Comforter (60"" x 90"" Inches/152cm x 228cm) - Single Bed Comforter|Silver/Beige"|https://m.media-amazon.com/images/I/81vFzI-Z7wL._AC_UL400_.jpg|3.7|28
haus & kinder Pastel Colors Warmth Microfibre Reversible Comforter for AC/Mild Winters, Double Bed Size, 150 GSM (Light Green/Light Grey)|https://m.media-amazon.com/images/I/61A04y3lQBL._AC_UL400_.jpg|4.1|27
VAS COLLECTIONS 220 GSM Microfiber Reversible AC Comforter/Blanket for Winter/Quilt/Duvets for Single Size Bed with Free 2 Pcs Pillow Covers (240X152 cm - Light Green)|https://m.media-amazon.com/images/I/710UH0OXf3L._AC_UL400_.jpg|4.2|26
Athom Trendz Polyester and Polyester Blend Marvel Avengers 300 GSM Kids Comforter (Multicolour, 135x220 cm), (MAR-04-254)|https://m.media-amazon.com/images/I/81QlLHTcr8L._AC_UL400_.jpg|4.2|25
"Sleepshine - 500 GSM Winter Proof Comforter Premium Collection Quilted Revesible Comforter (92"" x 106"" Inches/233cm x 269cm) - King Size Comforter|Silver/Teal"|https://m.media-amazon.com/images/I/71mLDpZZ9LL._AC_UL400_.jpg|4.1|25
HUESLAND by Ahmedabad Cotton Ultra-Plush Solid Microfibre Double Comforter, Royal Blue|https://m.media-amazon.com/images/I/71S657AtJ5L._AC_UL400_.jpg|4|25
Kuber Industries Floral Design Microfibre Reversible Comforter, Double (Black 150 GSM)- CTKTC033154|https://m.media-amazon.com/images/I/81+yhF5iXEL._AC_UL400_.jpg|4|25
Soulful Creations Cotton Standard Comforter, Multicolour, Set Of 1 Pc|https://m.media-amazon.com/images/I/81dc24aEkDL._AC_UL400_.jpg|3.8|24
"EDMUND - Duvet 500 GSM Winter Blanket Microfiber Duvet Reversible Comforter for Single Bed Comforter (90"" x 60"") Inches - 500 GSM Comforter | Teal & Dark Grey"|https://m.media-amazon.com/images/I/81zfgMXmfJL._AC_UL400_.jpg|4.6|22
"EDMUND - AC Blanket 150 GSM AC Reversible Comforter for King Size Bed Comforter (92"" x 106"") Inches - AC Duvet 150 GSM Comforter | Teal & Dark Grey"|https://m.media-amazon.com/images/I/81zfgMXmfJL._AC_UL400_.jpg|4.6|22
BSB HOME® 2nd Gen 300 GSM Microfiber Reversible Quilted Solid Super Soft and Cozy AC Comforter/Blanket/Quilt/Duvets for King Size/Double Bed Size (230X250 cm, Blue and Red)|https://m.media-amazon.com/images/I/71bQZxOdfBL._AC_UL400_.jpg|3.2|22
Trident King Size Printed Reversible Comforter Blanket, 144 Thread Count, 100% Cotton Shell with 150 GSM Polyfill, King Bed Comforter Blanket, Sanskriti Collection - Kasuti Orange|https://m.media-amazon.com/images/I/81VESFgHAxL._AC_UL400_.jpg|4.1|21
Trident King Size Printed Reversible Comforter Blanket, 144 Thread Count, 100% Cotton Shell with 150 GSM Polyfill, King Bed Comforter Blanket, Sanskriti Collection - Kantha Blue|https://m.media-amazon.com/images/I/81owenhBBZL._AC_UL400_.jpg|4.1|21
Trident King Size Printed Reversible Comforter Blanket, 144 Thread Count, 100% Cotton Shell with 150 GSM Polyfill, King Bed Comforter Blanket, Sanskriti Collection - Phulkari Grey|https://m.media-amazon.com/images/I/81AwMI2-coL._AC_UL400_.jpg|4.1|21
Trident King Size Printed Reversible Comforter Blanket, 144 Thread Count, 100% Cotton Shell with 150 GSM Polyfill, King Bed Comforter Blanket, Sanskriti Collection - Kasuti Blue|https://m.media-amazon.com/images/I/81z3GMBduiL._AC_UL400_.jpg|4.1|21
Trident King Size Printed Reversible Comforter Blanket, 144 Thread Count, 100% Cotton Shell with 150 GSM Polyfill, King Bed Comforter Blanket, Sanskriti Collection - Kashida Terracotta|https://m.media-amazon.com/images/I/81kBqrBRnsL._AC_UL400_.jpg|4.1|21
Trident King Size Printed Reversible Comforter Blanket, 144 Thread Count, 100% Cotton Shell with 150 GSM Polyfill, King Bed Comforter Blanket, Sanskriti Collection - Phulkari Brown|https://m.media-amazon.com/images/I/81lOSWyYUBL._AC_UL400_.jpg|4.1|21
Trident King Size Printed Reversible Comforter, 144 GSM, 100% Cotton Shell with 150 GSM Polyfill, King Bed Comforter Blanket, Sanskriti Collection (Pashmina Grey)|https://m.media-amazon.com/images/I/81Rws1XSNdL._AC_UL400_.jpg|4.1|21
Trident King Size Printed Reversible Comforter Blanket, 144 Thread Count, 100% Cotton Shell with 150 GSM Polyfill, King Bed Comforter Blanket, Sanskriti Collection - Ajrakh Rust|https://m.media-amazon.com/images/I/91hxSnpe-zL._AC_UL400_.jpg|4.1|21
Trident King Size Printed Reversible Comforter Blanket, 144 Thread Count, 100% Cotton Shell with 150 GSM Polyfill, King Bed Comforter Blanket, Sanskriti Collection - Kantha Rust|https://m.media-amazon.com/images/I/81qf4U4KdTL._AC_UL400_.jpg|4.1|21
"SleepX 100% Soft Mercerised Cotton Reversible Microfiber Comforter - Diamond Quilting- Single 88""X60"" - Cloud Pink"|https://m.media-amazon.com/images/I/61X8GYN+BlL._AC_UL400_.jpg|4|20
"EDMUND - Heavy Winter Comforter Diamond Stitch Quilt 500 GSM Reversible Comforter Single Bed Rajai/Blanket/Quilt (90"" x 60"") Heavy Winter Comforter for Single Bed | Wine & Peach"|https://m.media-amazon.com/images/I/81iJy0R8c6L._AC_UL400_.jpg|3.9|20
"EDMUND - Heavy Winter Comforter Diamond Stitch Quilt 500 GSM Reversible Comforter Double Bed Rajai/Blanket/Quilt (90"" x 100"") Heavy Winter Comforter for Double Bed | Gold & Dark Grey"|https://m.media-amazon.com/images/I/81UYFf7G4XL._AC_UL400_.jpg|3.9|20
"BSB HOME® Beautiful Print Cotton Reversible AC Comforter for Single Size Bed 220 GSM Polyfill Filled, 152 x 240 Cm (60""X100"", Grey Scape)"|https://m.media-amazon.com/images/I/815Z0rY214L._AC_UL400_.jpg|3.5|20
"HELGA Microfibre All-Weather Abstract AC Comforter 250 GSM Polyester Comforter Quilt Blanket Super Soft and Cozy Bed Comforter Blanket Light Weight Quilt Duvet Double 90""x100"" (228x254cm)"|https://m.media-amazon.com/images/I/61wK+lafhnL._AC_UL400_.jpg|4.2|19
SHOPBITE 100% Cotton Summer Special Single Bed Reversible Blanket/Duvet/AC Comforter Light Weight, AC Dohar|https://m.media-amazon.com/images/I/71qGLA3KOQL._AC_UL400_.jpg|3.7|18
"Daksh Microfiber Reversible Comforter, Single 60"" x 90"" (Black & Grey, 250 GSM)"|https://m.media-amazon.com/images/I/510U3t1ss2L._AC_UL400_.jpg|3.1|18
IVAZA Microfibre Reversible AC Comforter 60x90 Inches Gold|https://m.media-amazon.com/images/I/61RMtAgOEFL._AC_UL400_.jpg|2.8|18
"EDMUND - 600 GSM Heavy Winter Comforter for Single Bed Comforter/Duvet/Rajai/Quilt/Blanket (90"" x 60"") Inches - Winter 600 GSM Comforter | White"|https://m.media-amazon.com/images/I/71u0nURrxEL._AC_UL400_.jpg|3.7|17
"EDMUND - 600 GSM Heavy Winter Reversible Comforter for Double Bed Comforter/Duvet/Rajai/Quilt/Blanket (90"" x 100"") Inches - Winter 600 GSM Comforter | Peach & Wine"|https://m.media-amazon.com/images/I/81R4HK32gyL._AC_UL400_.jpg|3.7|17
"SONAYCA - 150 GSM AC Comforter Hotel Quality-Down Alternative Comforter (92"" x 106"" Inches/233cm x 269cm) - All Season |AC Comforter/Blanket/Quilt/Rajai King Size|White"|https://m.media-amazon.com/images/I/51P0VbL0vSL._AC_UL400_.jpg|4.4|16
"Reversible Microfiber Comforter,Microfibre Reversible AC Comforter ,Double All Weather Comforter for Double Bed Microfiber Filling, Reversible, Size Double 90"" x 100"" Sky Blue and Navy Blue"|https://m.media-amazon.com/images/I/61qfbjA3yBL._AC_UL400_.jpg|4.3|16
BSB HOME® 2nd Gen 220 GSM Microfiber Reversible AC Comforter/Blanket for Winter/Quilt/Duvets for Single Bed Size (152X240 cm, Light Pink, Blue Flower)|https://m.media-amazon.com/images/I/91Mv61Uln4L._AC_UL400_.jpg|4.1|16
"MeckHome Culture 300 GSM Microfiber Filling Lightweight Reversible Comforter/Quilt/Dohar/Rajai for (60"" x 90"" Inches) Single Bed Comforter - Burgundy/Silver Reversible Comforter"|https://m.media-amazon.com/images/I/81E5Sa-faZL._AC_UL400_.jpg|3.9|16
AVI Soft Micro Polyester AC Quilt 200 GSM Double Bed Comforter/Blanket/Duvet for Summers-90x100 (Black)|https://m.media-amazon.com/images/I/51IxbjbjpKL._AC_UL400_.jpg|3.7|16
Bianca Austin London Super Soft Cotton Feel Microfiber Reversible Lightweight Double Bed Comforter/AC Blanket/Quilt/Duvet for All Weather - 120 GSM - 1 Piece (Rumba) - Blue/Ivory|https://m.media-amazon.com/images/I/61OwKyRT7XL._AC_UL400_.jpg|4|15
"Day Care - Super Comfort Microfiber 500 GSM King Size Comforter for Heavy Winter Blanket Quilt Diamond Stitch (92"" x 106"" Inches/233cm x 269cm) - Comforter King Size|Black | wrinkle resistant"|https://m.media-amazon.com/images/I/81MFwJrdD8L._AC_UL400_.jpg|3.5|15
BSB HOME® 2nd Gen 220 GSM Microfiber Reversible AC Comforter/Blanket for Winter/Quilt/Duvets for King Size Double Bed (230X250 cm, Grey Blue & Rust)|https://m.media-amazon.com/images/I/61Q7sTf5wHL._AC_UL400_.jpg|4.1|14
Austin London Super Soft Cotton Feel Microfiber Reversible Lightweight Double Bed Comforter/AC Blanket/Quilt/Duvet for All Weather - 120 GSM - 1 Piece (Rumba) - Wine/Multi|https://m.media-amazon.com/images/I/71o5a34aCQL._AC_UL400_.jpg|4|14
510 Design Codee Comforter, Queen, White|https://m.media-amazon.com/images/I/71d16IDK-EL._AC_UL400_.jpg|4|14
Harbell Home 400 TC Beautiful Glace Cotton AC Comforter King Size Bed Comforter, Double Bed Sheet, 2 Pillow Cover (, 90x100 Inches) - Set of 4 Piece Flowers On Blue (Zig-Zag)|https://m.media-amazon.com/images/I/71PLlwdmv0L._AC_UL400_.jpg|3.5|13
RajasthaniKart Microfiber Reversible Comforter, Single (Blue and Sea Green, 200 GSM)|https://m.media-amazon.com/images/I/51LKr6NL13L._AC_UL400_.jpg|3.9|12
"Machine Washable Comforter Single bed Single Size Microfiber 400Gsm Diamond Stitch Reversible Winter Comforter (60"" x 90"" Inches/152cm x 228cm) Blanket Quilt- Single Comforters| Medium Blue/Navy Blue"|https://m.media-amazon.com/images/I/71rL3iKMgtL._AC_UL400_.jpg|3.8|12
"AVI Microfibre 250 GSM Reversible Comforter, Single (Black & Red, 60"" x 90"")"|https://m.media-amazon.com/images/I/71+u65U1xyL._AC_UL400_.jpg|3|12
haus & kinder Pastel Colors Warmth Microfibre Reversible Comforter for Winter, Single Bed Size, 150 GSM (Light Green/Light Grey)|https://m.media-amazon.com/images/I/61A04y3lQBL._AC_UL400_.jpg|4.1|11
Ab Home Decor 350TC Microfiber Glace Cotton Unicorn Cartoon Print AC Comforter Set for Kids Double Bed with Same Design Bed Sheet and 2 Pillow Covers|https://m.media-amazon.com/images/I/61QO0dreCwS._AC_UL400_.jpg|3.8|11
Beta Divine Supersoft Glace Cotton Double Bed AC Comforter Set King Size (Navy Sky)|https://m.media-amazon.com/images/I/51eea2F1mLL._AC_UL400_.jpg|3.8|11
HOMERICA Premium Striped Cotton AC Comforter for Double Bed (Grey)|https://m.media-amazon.com/images/I/91VpR9nY9hL._AC_UL400_.jpg|5|10
HOMERICA Premium Striped Cotton AC Comforter for Double Bed (Melange Blue)|https://m.media-amazon.com/images/I/91zVixn4l4L._AC_UL400_.jpg|5|10
"VIVEA RESERVE 220 GSM Microfiber Reversible AC Comforter Single Bed/Blanket/Quilt/Duvet (60"" x 90"" inch, Blossom Pink)"|https://m.media-amazon.com/images/I/611WSy5ADZL._AC_UL400_.jpg|4.8|10
"VIVEA RESERVE 220 GSM Microfiber Reversible AC Comforter Single Bed/Blanket/Quilt/Duvet (60"" x 90"" inch or 5 x 7.5 Feet, Blue Heart)"|https://m.media-amazon.com/images/I/711f2wCFTLL._AC_UL400_.jpg|4.8|10
"YRM - 500 GSM Ultra-Soft Quilted Comforter (92"" x 106"" Inches/233cm x 269cm) - King Size|Silver"|https://m.media-amazon.com/images/I/81l2CkocOaS._AC_UL400_.jpg|3.7|10
House Of Sensation Home Decor Microfiber Glace Cotton AC Comforter Set King Size Double Bed with Matching bedsheet- and Two Pillow Covers II 4 pc Bedding Set-Multi-Color|https://m.media-amazon.com/images/I/71UfY3+TOyL._AC_UL400_.jpg|3.5|10
BSB HOME 220 GSM Microfiber Reversible AC Comforter/Blanket for Summer/Quilt/Duvets for King Size Single Bed (150 X 220 cm, Daimond Print White & Grey)|https://m.media-amazon.com/images/I/81bAWg67lQL._AC_UL400_.jpg|3.4|10
House of Sensation Cotton King 1 Comforter, 1 Bedsheet, 2 Pillow Covers, Set Of 1|https://m.media-amazon.com/images/I/71b0+2T+haL._AC_UL400_.jpg|4.1|9
Bianca Air Cool Microfiber Reversible Comforter for All Weather -1pc Double (Carlson) - Bed Comforter/AC Blanket/Quilt/Duvet for All Weather Abstract-Pink/Grey|https://m.media-amazon.com/images/I/6171vWwoycL._AC_UL400_.jpg|4|9
"Filbert - Premium 300 GSM Comforter Super Soft Fluffy Revesible Comforter (90"" x 90"" Inches/228cm x 228cm) - Queen Size Comforter|Silver/Teal"|https://m.media-amazon.com/images/I/81wGPFLUSOL._AC_UL400_.jpg|4|9
House Of Sensation All Season Printed Latest Crystal AC Comforter Set 1 x AC Comforter with 1 Matching Bedsheet with 2 Pillow Covers Size- 230 x 250cm Set of 1|https://m.media-amazon.com/images/I/71RaPCPZGGL._AC_UL400_.jpg|3.4|9
Anjali Overseas 400 TC Beautiful Glace Cotton AC Comforter King Size Bed Comforter, Double Bed Sheet, 2 Pillow Cover (, 90x100 Inches) - Set of 4 Pieces. Flowers Grey|https://m.media-amazon.com/images/I/61euE0Du6RL._AC_UL400_.jpg|4.5|8
Anjali Overseas 200 GSM 400 TC Kids Glace Cotton Reversible Cartoon Printed Double Bed King Size Comforter with Matching Bedsheet 90*100 with 2 Pillow Covers Set of 4 Pieces. Multi L|https://m.media-amazon.com/images/I/711t34i5ZDS._AC_UL400_.jpg|4.3|8
"COZY FURNISH Microfiber Filled -AC Comforter,Duvet,Rajai,Special Quilt for All Seasons - Reversible Printed Comforter (Multilining, 60"" x 90"") (Single)"|https://m.media-amazon.com/images/I/618K7jMCxpL._AC_UL400_.jpg|3.5|8
Story@Home Super Soft Organic Cotton Floral Pattern Lightweight Reversible Summer Single Blanket/Duvet/Comforter/AC Dohar (56x86 Inches, White and Baby Pink)|https://m.media-amazon.com/images/I/81DFJV9F-WL._AC_UL400_.jpg|4.5|7
Festival Home Furnishings Queen Size Comforter Set of 4Pcs- 1Comforter 1Double Bed Bedsheet and 2Pillow Covers (Blue Laughter)|https://m.media-amazon.com/images/I/71YbnivDZuL._AC_UL400_.jpg|4.4|7
Arvore Hand Woven 100% Organic Cotton Soft Beautiful Self Dobby Checks Design Bhagalpuri Summer Chadar/TopSheet/Comforter (Size- 265cm X 135cm) (Purple)|https://m.media-amazon.com/images/I/51wwatTjbfL._AC_UL400_.jpg|4.4|7
"BSB HOME Super Soft Glace Cotton King Size All Season/Mild Winter Comforter Blanket with 2 King Size Matching Free Pillow Covers (White & Green, 90""x100"" Inch) -Pack of 3"|https://m.media-amazon.com/images/I/61OFr7ErstL._AC_UL400_.jpg|4.3|7
Quard Premium Microfibre Comforter with Storage Bag, Double - 90 x 100 inch (Multicolor 2)|https://m.media-amazon.com/images/I/81mmXO9K0+L._AC_UL400_.jpg|4.1|7
haus & kinder Pastel Colors Warmth Microfibre Reversible Comforter for Winter, Single Bed Size, Multi Crisscross|https://m.media-amazon.com/images/I/71GyQqAKLoL._AC_UL400_.jpg|4|7
AUROXA Microfiber Filled Glace Cotton AC Comforter/Duvet/ Quilt/ Blanket for singal Bed Comforter in Kids Design 60x90 (Gray)|https://m.media-amazon.com/images/I/71FPdXQbMUS._AC_UL400_.jpg|3.8|7
KOPA Super Soft Microfiber Double Roll Comforter for All Weather -1pc Double Size (Rumba) - Bed Comforter/AC Blanket/Quilt/Duvet for All Weather Floral-Dusty Pink|https://m.media-amazon.com/images/I/51U9+zKQ4GL._AC_UL400_.jpg|4.8|6
KOPA Super Soft Microfiber Double Roll Comforter for All Weather -1pc Double Size (Rumba) - Bed Comforter/AC Blanket/Quilt/Duvet for All Weather Floral-Mint/Green|https://m.media-amazon.com/images/I/51LWRORevoL._AC_UL400_.jpg|4.8|6
Kuber Industries Reversible Microfibre Single Comforter King Size, White (CLT580)|https://m.media-amazon.com/images/I/71A2j+iOB5L._AC_UL400_.jpg|4.7|6
Anjali Overseas 400 TC Beautiful Glace Cotton Triangle AC Comforter King Size Bed Comforter, Double Bed Sheet, 2 Pillow Cover (Multicolour, 90x100 Inches) - Set of 4 Pieces|https://m.media-amazon.com/images/I/71IzXdsBpGL._AC_UL400_.jpg|4.4|6
BSB HOME 220 GSM Reversible Microfiber AC Comforter/Blanket/Quilt/Duvets for Winter King Size Double Bed (230X250 cm, White & Grey)|https://m.media-amazon.com/images/I/61qtmkI7VNL._AC_UL400_.jpg|3.2|6
Gadgets Appliances Orlando Comforter Double Bed Traditional with Matching Bedsheet King Size bedaheets 230X250 2 Pillow Covers Cotton - Set of 1, Multi-Colored|https://m.media-amazon.com/images/I/71FQ9kEG-cS._AC_UL400_.jpg|3|6
Harbell Home Anjali Overseas 400 TC Beautiful Glace Cotton AC Comforter King Size Bed Comforter, Double Bed Sheet, 2 Pillow Cover (, 90x100 Inches) - Set of 4 Piece Leafs, Multi-Colored|https://m.media-amazon.com/images/I/71ikPLbfZqL._AC_UL400_.jpg|4.6|5
"VAS COLLECTIONS Microfibre All-Weather Solid Comforter/Duvet - Reversible with Siliconised Filling - for Home/Hotel/Hospital Use - Single - 230x150 cm, 200 GSM | Grey+Black"|https://m.media-amazon.com/images/I/81Vmgs9l7LL._AC_UL400_.jpg|4.2|5
"COZY FURNISH 100% Natural Cotton Single Duvet/Quilt/Razai/Comforter Cover 57"" x 87"" Inch (Grey)"|https://m.media-amazon.com/images/I/71OT+GJ70xL._AC_UL400_.jpg|4|5
BSB HOME 220 GSM Reversible Microfiber AC Comforter/Blanket/Quilt/Duvets for Winter King Size Double Bed (230X250 cm, Green & Blue)|https://m.media-amazon.com/images/I/61BHlR3A5wL._AC_UL400_.jpg|4|5
"EDMUND Reversible Double Bed Comforter/Blanket/Quilt/Rajai 220 GSM Soft Microfiber Diamond Stitch (90"" x 100"" Inches/228cm x 254cm) - Comforter Double Bed|Medium Blue & Sky Blue"|https://m.media-amazon.com/images/I/71MPCwTNHJL._AC_UL400_.jpg|4|5
Indian Kingdom Wine Ultra-Soft Down Comforter (Dohar) Quilt Oversized King (98x120) 1-Piece Comforter 500-TC 450 GSM Fill Power 100% Egyptian-Cotton Hypo-allergenic Comforter|https://m.media-amazon.com/images/I/41iMOeoJfAL._AC_UL400_.jpg|4|5
"ATK-8 BEDDING - Washable Blanket Double Bed King Size Comforter for Heavy Winter Microfiber 600 GSM Diamond Stitch Quilt (92""x106"") Rajai King Bed Comforters Teal"|https://m.media-amazon.com/images/I/71q99AImZXL._AC_UL400_.jpg|3.4|5
"DEILYVERY Poly Cotton Flower Print Single Bed Reversible AC Blanket | Dohar | Quilt | Comforter | Duvet (Brown Flower, Single)"|https://m.media-amazon.com/images/I/61YbnDqUOiL._AC_UL400_.jpg|3.3|5
THE HOME STYLE 400TC Super Soft Glace Cotton Satin Stripes Plain King Size Comforter ll Blanket ll Duvet Double Bed for All Weather/Seasons (Blue) (Comforter)|https://m.media-amazon.com/images/I/51AENl36GoL._AC_UL400_.jpg|3.3|5
Swayam Grey Colour Floral AC Comfortor-ACS01-12020|https://m.media-amazon.com/images/I/71ecBrLD+sL._AC_UL400_.jpg|2.5|5
Jaipur Linen Duvet/AC Comforter/Quilt - White - Double Bed Size 90 Inch x 100 Inch, Polyester, lightweight|https://m.media-amazon.com/images/I/71yw9+iRfoL._AC_UL400_.jpg|5|4
Quard Premium Microfibre Comforter with Storage Bag, Single - 60 x 90 inch (Multicolor 3)|https://m.media-amazon.com/images/I/81gMV6NLj4L._AC_UL400_.jpg|3.9|4
Gadgets Appliances Sleep Like a King or Queen Almondas Super Soft 1 pc Comforter 1pc bedsheet with 2 pc Pillow Cover (Size 230 cm x 250 cm), Multi-Colored|https://m.media-amazon.com/images/I/61PXxDNab8L._AC_UL400_.jpg|2.9|4
Amazon Brand - Solimo Microfibre Reversible Comforter, Single, 200 GSM, Summer FLG and Cork|https://m.media-amazon.com/images/I/81jRQjvTKBL._AC_UL400_.jpg|5|3
haus & kinder Pastel Colors Warmth Microfibre Reversible Comforter for Winter, Double Bed Size, Multi Abstract|https://m.media-amazon.com/images/I/71IGR5d0PXL._AC_UL400_.jpg|5|3
Swayam Sonata Classic Plain Satin Cotton Double Comforter - Pink|https://m.media-amazon.com/images/I/61RFVAfO6XL._AC_UL400_.jpg|4.6|3
"Indian Kingdom - 400 GSM Winter Proof Comforter Premium Collection Quilted Revesible Comforter (92"" x 106"" Inches/233cm x 269cm) - King Size Comforter|Silver/Peach"|https://m.media-amazon.com/images/I/81fkj-0ea0L._AC_UL400_.jpg|4.6|3
Elegant Lightweight AC Comforter- All Season Down 1200 Series, Double Bed Comforter Quilted Micro Fiber Fill 400 GSM Comforter Double (King)|https://m.media-amazon.com/images/I/51GLznN9dqL._AC_UL400_.jpg|4.3|3
Kuber Industries Microfibre Printed Reversible Comforter, Double (Grey and Sea Green, 200 GSM)-CTKTC024099|https://m.media-amazon.com/images/I/713OZvIcVXL._AC_UL400_.jpg|4.2|3
Amazon Brand - Solimo Microfibre Reversible Comforter, Single, 200 GSM, Fruit Dove and Pastel Parchment|https://m.media-amazon.com/images/I/81ccvouilWL._AC_UL400_.jpg|3.3|3
HOMERICA Premium AC Comforter for Double Bed, (Package Contents - 1 Comforter with Carry Bag), Fabric - 150 TC Polycotton, Polyfill Filled|https://m.media-amazon.com/images/I/710yvDd54EL._AC_UL400_.jpg|3.2|3
Amazon Brand - Solimo Microfibre Reversible Comforter, Single, 200 GSM, Pastel Parchment and Summer FLG|https://m.media-amazon.com/images/I/81q+1KzDzBL._AC_UL400_.jpg|2.6|3
"Swayam Single Size AC Comforter | 225 cm x 150 cm | Pink, 150 GSM | Comes with Health Layer : Prevents oozing Out of Fibre"|https://m.media-amazon.com/images/I/71kTItU02ML._AC_UL400_.jpg|5|2
Swayam White Colour Double AC Comfortor|https://m.media-amazon.com/images/I/71x-JardQzL._AC_UL400_.jpg|5|2
"Swayam Cotton Double Size Comforter | 225 cm x 250 cm | 150 GSM, Off White | Comes with Health Layer : Prevents oozing Out of Fibre"|https://m.media-amazon.com/images/I/71vo1UtxiKL._AC_UL400_.jpg|4.6|2
"Filbert - Premium 400 GSM Comforter Super Soft Fluffy Revesible Comforter (60"" x 90"" Inches/152cm x 228cm) - Single Bed Comforter|Silver/Dark Grey"|https://m.media-amazon.com/images/I/81W6Dj+vLGL._AC_UL400_.jpg|4.6|2
"Swayam Cotton Double Size Comforter | 225 cm x 250 cm | 150 GSM, Blue Shades | Comes with Health Layer : Prevents oozing Out of Fibre"|https://m.media-amazon.com/images/I/71n+J5360gL._AC_UL400_.jpg|4.2|2
COZY FURNISH Babies & Kids Super Soft All Season Use Reversible Kids Comforter, Blanket (150 GSM)(0-8 Years)(Size: L-60 Inches & W- 45 Inches)|https://m.media-amazon.com/images/I/71HCbNLFneL._AC_UL400_.jpg|4|2
Kesar Enterprises Soft, Cosy and Light Weight Printed Reversible AC Comforter/Duvet/Quilt/Razai/Blanket for Double/Queen Size Double Bed, Size 90x100 Inches, Colour : Blue|https://m.media-amazon.com/images/I/8147vu8jkoS._AC_UL400_.jpg|3.5|2
Steelbird Light Weight Double Bed AC/Summer Comforter - Microfiber Reversible Comforter, Duvet for All Seasons - 300 GSM (Light Grey)|https://m.media-amazon.com/images/I/81+FJrk86aL._AC_UL400_.jpg|3|2
Steelbird Light Weight Double Bed AC/Summer Comforter - Microfiber Reversible Comforter, Duvet for All Seasons - 300 GSM (Peach)|https://m.media-amazon.com/images/I/91Cwa5gi+WL._AC_UL400_.jpg|3|2
Steelbird Light Weight Double Bed AC/Summer Comforter - Microfiber Reversible Comforter, Duvet for All Seasons - 300 GSM (Blue)|https://m.media-amazon.com/images/I/81yXPJsxSXL._AC_UL400_.jpg|3|2
Steelbird Light Weight Double Bed AC/Summer Comforter - Microfiber Reversible Comforter, Duvet for All Seasons - 300 GSM (Grey)|https://m.media-amazon.com/images/I/71Ylc6y1qZL._AC_UL400_.jpg|3|2
Steelbird Light Weight Double Bed AC/Summer Comforter - Microfiber Reversible Comforter, Duvet for All Seasons - 300 GSM (Light Purple)|https://m.media-amazon.com/images/I/81iVP-70U2L._AC_UL400_.jpg|3|2
Steelbird Light Weight Double Bed AC/Summer Comforter - Microfiber Reversible Comforter, Duvet for All Seasons - 300 GSM (Grey with Peach)|https://m.media-amazon.com/images/I/71FmgbmVPZL._AC_UL400_.jpg|3|2
Steelbird Light Weight Double Bed AC/Summer Comforter - Microfiber Reversible Comforter, Duvet for All Seasons - 300 GSM (Periwinkle)|https://m.media-amazon.com/images/I/81+R9LpMvXL._AC_UL400_.jpg|3|2
Kuber Industries Square Design Microfibre Reversible Comforter, Double (Blue 150 GSM)-CTKTC033162|https://m.media-amazon.com/images/I/71W7e6z+2aL._AC_UL400_.jpg|2.4|2
Kuber Industries Microfibre Printed Reversible Comforter, Double (Slate and Light Brown, 200 GSM) - CTKTC22206|https://m.media-amazon.com/images/I/81kNhkc0BPL._AC_UL400_.jpg|2.1|2
Spaces Organic Cotton Double Bed Quilt 180 TC 100% Organic Cotton, Lavender, Queen (Model Number: 1051312)|https://m.media-amazon.com/images/I/818Wc1ZneTL._AC_UL400_.jpg|2|2
SWAYAM Veda-100% Cotton 144 TC,Microfiber Fill 150 GSM -Printed Pattern-Double Comforter, Blue, Brown|https://m.media-amazon.com/images/I/812C1V8K2pL._AC_UL400_.jpg|5|1
"HOKIPO Microfiber Ultra Soft Reversible AC Comforter/Blanket for Single Bed | All Weather Duvet, 220 GSM (IN-567-D1)"|https://m.media-amazon.com/images/I/81I6KdBf+OL._AC_UL400_.jpg|5|1
"KORBIN Microfiber Single Bed Solid Reversible Comforter, 250 GSM |Size - 60X90 Inch|Comforter Single,Brown::Grey,Queen"|https://m.media-amazon.com/images/I/611OoHL+4sL._AC_UL400_.jpg|5|1
SAVOY CONCEPTS Microfiber Reversible AC Comforter 220 GSM/Blanket for Winter/Quilt/Duvets for Single Size Bed (240X152 cm, Green & Blue)|https://m.media-amazon.com/images/I/61anUUKqdhL._AC_UL400_.jpg|5|1
Spangle Premium Microfiber Solid 250 GSM Multicolor Single Bed Comforter Set of 1|https://m.media-amazon.com/images/I/71jRLyHYD5L._AC_UL400_.jpg|5|1
"VAS COLLECTIONS Microfibre All Season/Winter Solid Reversible Double Bed Comforter Blanket | Quilt | Razai - (220 GSM, Black and Light Grey) 220x240cm"|https://m.media-amazon.com/images/I/51ME6ZLJFhL._AC_UL400_.jpg|5|1
TRUE VALUA 220 GSM Satin Deluxe VIP Microfiber AC Comforter/Blanket for Winter/Quilt/Duvets for King Size Single Bed (Maroon, Single)|https://m.media-amazon.com/images/I/41zhNmXAfCL._AC_UL400_.jpg|5|1
"VAS COLLECTIONS Microfibre All Season/Winter Solid Reversible Single Bed Comforter Blanket | Quilt | Razai - (220 GSM, Light Grey & Yellow) 220x150cm"|https://m.media-amazon.com/images/I/51TozuGy2tL._AC_UL400_.jpg|5|1
Status Comforter Double Bed Blanket for Winter/Grey/Blue/Double/GSM- 300/SIZE -220 x 240 cm (D4)|https://m.media-amazon.com/images/I/71G21hZyKtL._AC_UL400_.jpg|4|1
Swayam White Colour Single AC Comfortor|https://m.media-amazon.com/images/I/81kFPYR83DL._AC_UL400_.jpg|4|1
Kuber Industries Microfibre Printed Reversible Comforter, Double (Pink and Royal Blue, 200 GSM), CTKTC013977|https://m.media-amazon.com/images/I/71UJrRMjHgL._AC_UL400_.jpg|4|1
"MIL Furnishings Queen Size Glace Cotton Double Bed AC Comforter (90"" X 100"", Pink Dolphin)"|https://m.media-amazon.com/images/I/516BU8+oc5L._AC_UL400_.jpg|4|1
House of Sensation Printed Crystal AC Comforter Set 1 x AC Comforter with 1 Matching Bedsheet with 2 Pillow Covers|https://m.media-amazon.com/images/I/51peQRkHQpL._AC_UL400_.jpg|4|1
Amazon Brand - Solimo Microfibre Reversible Comforter, Single, 200 GSM, Evening Sand and Cork|https://m.media-amazon.com/images/I/81XV1rZRCcL._AC_UL400_.jpg|3|1
"Swayam Double Size AC Comforter | 254 cm X 228 cm | Peach, 150 GSM | Comes with Health Layer : Prevents oozing Out of Fibre"|https://m.media-amazon.com/images/I/71YSUJa2rrL._AC_UL400_.jpg|3|1
"Akarshak Pure Cotton Reversible Dohar Single Bed Size | AC Blanket Comforter | Soft Light-Weight Double Bed Blanket (Green DOT, Double)"|https://m.media-amazon.com/images/I/61ijadxWUgL._AC_UL400_.jpg|3|1
Kuber Industries Floral Design Glace Cotton AC Comforter King Size Bed Comforter, Double Bed Sheet, 2 Pillow Cover (Pink, 90x100 Inches)-Set of 4 Pieces - CTKTC040448|https://m.media-amazon.com/images/I/71ajQbGqa+L._AC_UL400_.jpg|1|1
Swayam 150 GSM Motif Double Reversible Duvet (Poly Cotton,Peach)|https://m.media-amazon.com/images/I/51lJdhsERyL._AC_UL400_.jpg|1|1
DDECOR - 136TC 1 Double Comforter - Yellow (228 cm X 274 cm, 90IN X 108IN)|https://m.media-amazon.com/images/I/614zoy8kwVL._AC_UL400_.jpg|1|1
"Cloth Fusion Microfiber Reversible AC Comforter/Blanket for Double Bed | Ultra Soft & Dual Colour All Weather Duvet |Grey & Maroon, 200 GSM"|https://m.media-amazon.com/images/I/71GMGQBLxZL._AC_UL400_.jpg|4.2|6,621
Harsh Foundation India Single Bed Ultra Soft Cotton Reversible AC Quilt/Comforter for All Weather, AC Room, Lightweight Microfibre Duvet (Multi Colour, Abstract Stripes & Checks, Pack of 1)|https://m.media-amazon.com/images/I/815bTHQJBXL._AC_UL400_.jpg|5.0|1
AmazonBasics Microfiber Full/Queen Comforter, Red, Burgundy, Pack of 1, Reversible|https://m.media-amazon.com/images/I/81ayk02LZ2L._AC_UL400_.jpg|4.1|37,934
COZY FURNISH Cotton Single Comforter Quilt, Multicolour, Pack of 1, breathable|https://m.media-amazon.com/images/I/915g-JIj+1L._AC_UL400_.jpg|4.1|163
"Cloth Fusion Microfiber Reversible AC Comforter/Blanket for Double Bed | Ultra Soft & Dual Colour All Weather Duvet |Magenta & Light Grey, 200 GSM"|https://m.media-amazon.com/images/I/61VQLYmlKHL._AC_UL400_.jpg|4.2|6,621
"EDMUND - Microfiber Duvet 600 GSM Heavy Winter Reversible Comforter for Double Bed Comforter (90"" x 100"") Inches - Winter 600 GSM Comforter | Teal & Dark Grey"|https://m.media-amazon.com/images/I/81zfgMXmfJL._AC_UL400_.jpg|4.6|23
Status Comforter Double Bed Blanket for Winter/Grey/Blue/Double/GSM- 300/SIZE -220 x 240 cm (D8)|https://m.media-amazon.com/images/I/81fmkg8KWrL._AC_UL400_.jpg|4.0|1
Kwality Dreams Citrus Super Soft Glace Cotton Single and Double Bed King Size Comforters Set of (Two Pillows 1 Bed Sheet & 1 Comforter) With Two Complementary Sleeping Pillows 90x100 Inch Fibre Filling 110 Color: Blue|https://m.media-amazon.com/images/I/71FyngghC7L._AC_UL400_.jpg|4.3|8
Amazon Basics Microfiber 2-Piece Quilt/Duvet/Comforter Cover Set - Single (66X90-Inch, Blue Floral - With Pillow Cover)|https://m.media-amazon.com/images/I/81k0k2rnvKL._AC_UL400_.jpg|3.9|33,959
"Swayam Single Size AC Comforter | 225 cm x 150 cm | Green, 150 GSM | Comes with Health Layer : Prevents oozing Out of Fibre"|https://m.media-amazon.com/images/I/819KQ-yC0GL._AC_UL400_.jpg|5.0|4
"MammaYo Razzai 500 GSM Winter Comforter Premium Collection Quilted Comforter (60"" x 90"" Inches/152cm x 228cm) - Single Bed Comforter|Silver| Microfibre, lightweight"|https://m.media-amazon.com/images/I/51W1Rou9gxL._AC_UL400_.jpg|4.4|301
Kwality Dreams Citrus Super Soft Glace Cotton AC Blanket Single and Double Bed Comforters King Size Set of (Two Pillows 1 Bed Sheet & 1 Comforter) With Two Complementary Sleeping Pillows 90x100 Inch Fibre Filling 110 GSM Multicolour|https://m.media-amazon.com/images/I/71bGoG8z1aL._AC_UL400_.jpg|4.3|8
Home Ecstasy 100% Cotton Ac Comforters Single Bed for Winter,150gsm Lightweight Floral Peach Single Bed Comforter (60x90 Inch)|https://m.media-amazon.com/images/I/51yfxfAqftL._AC_UL400_.jpg|3.8|14
Kuber Industries Microfibre Printed Reversible Comforter, Double (Brown and Blue, 200 GSM), CTKTC13980|https://m.media-amazon.com/images/I/71K+HfT-udL._AC_UL400_.jpg|2.9|6
Swayam Light Blue Colour Ethnic Single AC Comfortor|https://m.media-amazon.com/images/I/81GxEPeTxdL._AC_UL400_.jpg|4.0|2
Swayam Linea Gold Cotton Single AC Comforter - Turquoise Stripes (LBS ACS11-5603)|https://m.media-amazon.com/images/I/71MY0KJi+SL._AC_UL400_.jpg|5.0|1
"EDMUND - Duvet 500 GSM Winter Blanket Microfiber Duvet Reversible Comforter for Double Bed Comforter (90"" x 100"") Inches - 500 GSM Comforter | Wine & Dark Grey"|https://m.media-amazon.com/images/I/81LpV0in43L._AC_UL400_.jpg|4.6|23
bien LIVING Microfiber Reversible Comforter Double Size (90 x 100 Inches), Ocean Blue + Olive Green, 200 GSM|https://m.media-amazon.com/images/I/61QhvxYcYGL._AC_UL400_.jpg|4.3|120
Texlux Soft Microfiber 500 GSM Heavy Winter Quilt/Comforter/Duvet/Bedding Set/Blanket/Rajai/Double-(90 inch x 100 inch) Bed Comforter Blanket with 2 Pillow Cover-(17 inch x 27 inch)|https://m.media-amazon.com/images/I/71m+Leej8aL._AC_UL400_.jpg|5.0|1
Home Ecstasy 100% Cotton Ac Comforters Single Bed for Winter,150gsm Lightweight Floral Yellow Single Bed Comforter (60x90 Inch)|https://m.media-amazon.com/images/I/51kjzG-QDdL._AC_UL400_.jpg|3.8|14
AveLom Seersucker King Comforter Set (104x90 inches), 3 Pieces - 100% Soft Washed Microfiber Lightweight Comforter with 2 Pillowcases, All Season Down Alternative Comforter Set for Bedding, Gray|https://m.media-amazon.com/images/I/91W3ltD1EkL._AC_UL400_.jpg|4.4|2,846
The Sleep Company Microfibre Luxury Reversible Comforter Single Size 200 GSM Mustard Yellow & Grey Pack of 1|https://m.media-amazon.com/images/I/61+Wp0gewLL._AC_UL400_.jpg|4.2|277
"Story@Home 100% Cotton Reversible Summer Dohar Single Bed AC Blanket for Summer Light Weight Soft Blanket(86""x56"", Blue & White)"|https://m.media-amazon.com/images/I/81QcUZSG22L._AC_UL400_.jpg|4.2|2,940
"Story@Home 100% Cotton Reversible Summer Dohar Single Bed AC Blanket for Summer Light Weight Soft Blanket(86""x56"", White & Blue)"|https://m.media-amazon.com/images/I/81siLHE6mIL._AC_UL400_.jpg|4.2|2,940
"EDMUND - Microfiber Duvet 600 GSM Heavy Winter Reversible Comforter for Double Bed Comforter (90"" x 100"") Inches - Winter 600 GSM Comforter | Black & Ash Grey"|https://m.media-amazon.com/images/I/81pMeBLJMcL._AC_UL400_.jpg|4.6|23
"VAS COLLECTIONS Microfibre All-Weather Solid Comforter/Duvet - Reversible with Siliconised Filling - for Home/Hotel/Hospital Use - Double - 240x220 cm, 200 GSM | Grey & Black"|https://m.media-amazon.com/images/I/61GVJc3YZLL._AC_UL400_.jpg|3.8|30
Swayam Grey Colour Single AC Comfortor|https://m.media-amazon.com/images/I/71YSUJa2rrL._AC_UL400_.jpg|4.0|1
"MammaYo Razzai 500 GSM Winter Comforter Premium Collection Quilted Revesible Comforter (92"" x 106"" Inches/233cm x 269cm) - King Size Comforter|Silver/Teal |Microfiber| Reversible"|https://m.media-amazon.com/images/I/51G43lqleXL._AC_UL400_.jpg|4.4|301
Saanch Desire Kids glace cotton Comforter for Single Bed (Spiderman)|https://m.media-amazon.com/images/I/61rNowSmqJL._AC_UL400_.jpg|3.7|13
"B Trending-200 GSM Microfiber Reversible Comforter Standerd (17"" x 27"") AC Comforter for All Season Box Stiching Blanket/Quilt/Rajai Single Comforter Burgundy"|https://m.media-amazon.com/images/I/41UucVDIeuL._AC_UL400_.jpg|5.0|1
Divine Casa Microfiber Lightweight Baby Comforter for Winter I Quilt/AC Blanket Wrapper for Toodler/Infants/Kids/Boys/Girls (135X100 cm, Pink and Purple) 0-4 Years|https://m.media-amazon.com/images/I/71c9MKrJHwL._AC_UL400_.jpg|3.7|194
"Day Care - Restful Sleep Microfiber All Season Comforter 250-GSM (90"" x 90"" Inches/228cm x 228cm) - Queen Size Comforter|Beige"|https://m.media-amazon.com/images/I/81IF4Wno6XL._AC_UL400_.jpg|3.0|6
"Story@Home 100% Cotton Reversible Summer Dohar Single Bed AC Blanket for Summer Light Weight Soft Blanket(86""x56"", White & Olive Green)"|https://m.media-amazon.com/images/I/71-r4WXMBRL._AC_UL400_.jpg|4.2|2,940
"EDMUND - 300 GSM Microfiber Duvet Reversible Comforter for Double Bed Comforter (90"" x 100"") Inches - 300 GSM Comforter | Wine & Dark Grey"|https://m.media-amazon.com/images/I/81LpV0in43L._AC_UL400_.jpg|4.6|23
Globon Goose Down Comforter Twin Size All Season Duvet Insert Ultra-Soft 100% Cotton, 29OZ,650 Fill Power, Medium Warmth with Corner Tabs, Grey.…|https://m.media-amazon.com/images/I/71JXV3iMO6L._AC_UL400_.jpg|4.6|473
"SONAYCA - 150 GSM AC Comforter Hotel Quality-Down Alternative Reversible Comforter (90"" x 90"" Inches/228cm x 228cm) - All Season |AC Comforter/Blanket/Quilt/Rajai Queen Size|Silver/Teal, Microfiber"|https://m.media-amazon.com/images/I/51rGfUp3mhL._AC_UL400_.jpg|4.4|16
Linenspa Queen Comforter with Corner Duvet, White|https://m.media-amazon.com/images/I/71uR6m9TrIL._AC_UL400_.jpg|4.6|47,976
Texlux Soft Microfiber 500 GSM Heavy Winter Quilt/Comforter/Duvet/Bedding Set/Blanket/Rajai/Double-(90 inch x 100 inch) Bed Comforter Blanket|https://m.media-amazon.com/images/I/51fWm-VeUwL._AC_UL400_.jpg|5.0|2
KEA Reversible Single Bed Queen Size Microfiber Comforter/Duvet for Summers/Ac; Color Peach & Ablaze Aqua; Fabric - Micro Cotton; 300 GSM|https://m.media-amazon.com/images/I/919SGdSF0iL._AC_UL400_.jpg|4.2|429
"Day Care - 200 GSM Soft AC Comforter Hotel Quality-Down Alternative Reversible Comforter (90"" x 90"" Inches/228cm x 228cm) - All Season |AC Comforter/Blanket/Quilt/Rajai Queen Size|Silver/Sky Blue"|https://m.media-amazon.com/images/I/81eZ1D3MouL._AC_UL400_.jpg|4.1|143
Saanch Desire Cotton Kids Digital Print Cartoon Comforter (1 Double Bed Comforter) Spiderman|https://m.media-amazon.com/images/I/71OyF+bZDjL._AC_UL400_.jpg|4.6|4
VIVEA RESERVE 220 GSM Super Soft Single Bed Cartoon Printed Microfiber Kids Glace Cotton Comforter Kids Quilt/Blanket/Duvet (Cars)|https://m.media-amazon.com/images/I/51Kv1D6GgRL._AC_UL400_.jpg|3.9|68
BSB HOME 220 GSM Reversible Microfiber AC Comforter/Blanket/Quilt/Duvets for Winter Single Size Bed (240X152 cm, Brown & Blue)|https://m.media-amazon.com/images/I/713PxkZkI0L._AC_UL400_.jpg|2.3|3
"MammaYo King Comforter 500 GSM Winter Comforter Premium Collection Quilted Comforter (92"" x 106"" Inches/233cm x 269cm) - King Size Comforter|Teal | Microfibre, lightweight"|https://m.media-amazon.com/images/I/517YUliMMYL._AC_UL400_.jpg|4.4|301
"EDMUND - Winter Blanket 400 GSM Microfiber Duvet Reversible Comforter for Double Bed Comforter (90"" x 100"") Inches - 400 GSM Comforter | Teal & Dark Grey"|https://m.media-amazon.com/images/I/81zfgMXmfJL._AC_UL400_.jpg|4.6|23
"EDMUND - Heavy Winter Comforter Diamond Stitch Quilt 500 GSM Reversible Comforter Double Bed Rajai/Blanket/Quilt (90"" x 100"") Heavy Winter Comforter for Double Bed | Sky & Navy"|https://m.media-amazon.com/images/I/81CZ7460NHL._AC_UL400_.jpg|3.9|20
downluxe Lightweight Solid Comforter Set (Queen) with 2 Pillow Shams - 3-Piece Set - Red and Black - Down Alternative Reversible Comforter|https://m.media-amazon.com/images/I/81pkJvHOoAL._AC_UL400_.jpg|4.6|29,871
Indian Kingdom Navy Blue Hotel Collection Luxurious Down Comforter (Dohar) Quilt Full/Queen Size (88x88) 1-Piece Comforter 550-TC 450 GSM Fill Power 100% Egyptian-Cotton Hypo-allergenic Comforter|https://m.media-amazon.com/images/I/41o+DaWUFjL._AC_UL400_.jpg|3.7|5
Elegant Comfort All Season Goose Down Alternative Reversible 3-Piece Comforter Set- Available in and Colors, Full/Queen, Black/Gray|https://m.media-amazon.com/images/I/71Wu+hptVfL._AC_UL400_.jpg|4.5|6,700
Elegant Comfort All Season Comforter and Year Round Medium Weight Super Soft Down Alternative Reversible 3-Piece Comforter Set, Full/Queen, Turquoise/White|https://m.media-amazon.com/images/I/81IWIiySGHL._AC_UL400_.jpg|4.6|6,618
Homespun Soft Microfibre Comforter Blanket Lightweight Reversible Quilt Duvet All Weather, Single Bed, Yellow and Orange Color|https://m.media-amazon.com/images/I/517DMfIjCVL._AC_UL400_.jpg|3.8|41
"Day Care - Restful Sleep Microfiber All Season Comforter 200-GSM (60"" x 90"" Inches/152cm x 228cm) - Single Bed Comforter|Silver, wrinkleresistant"|https://m.media-amazon.com/images/I/71eIFXPn5US._AC_UL400_.jpg|3.8|16
"EDMUND - Heavy Winter Comforter Diamond Stitch Quilt 500 GSM Reversible Comforter Single Bed Rajai/Blanket/Quilt (90"" x 60"") Heavy Winter Comforter for Single Bed | Sky & Navy"|https://m.media-amazon.com/images/I/81CZ7460NHL._AC_UL400_.jpg|3.9|20
"Story@Home 100% Cotton Reversible Summer Dohar Double Bed AC Blanket for Summer Light Weight Soft Blanket(94""x88"", Baby Pink & White)"|https://m.media-amazon.com/images/I/81DFJV9F-WL._AC_UL400_.jpg|4.2|2,940
"Story@Home 100% Cotton Reversible Summer Dohar Single Bed AC Blanket for Summer Light Weight Soft Blanket(86""x56"", Baby Pink & White)"|https://m.media-amazon.com/images/I/81DFJV9F-WL._AC_UL400_.jpg|4.2|2,940
"Story@Home 100% Cotton Reversible Summer Dohar Double Bed AC Blanket for Summer Light Weight Soft Blanket(94""x88"", Grey and Yellow)"|https://m.media-amazon.com/images/I/814q19jiTzS._AC_UL400_.jpg|4.2|2,940
"MammaYo Razzai 500 GSM Winter Comforter Premium Collection Quilted Comforter (92"" x 106"" Inches/233cm x 269cm) - King Size Comforter|Chocolate Brown|Microfibre|lightweight"|https://m.media-amazon.com/images/I/51v11pbakNL._AC_UL400_.jpg|4.4|301
House of Sensation Double Luxurious Reversible Comforter Elegant Bedsheets with 2 Pillow Covers Primrose Comforter - Set of 1|https://m.media-amazon.com/images/I/718V7WUzpzL._AC_UL400_.jpg|4.1|9
Red Lilies Luxury Designer Ultrasonic King Double Quilt Reversible Comforter Ultra Premium Luxury Comforters (Design 11)|https://m.media-amazon.com/images/I/91wgBKMuZ7L._AC_UL400_.jpg|4.0|1
Red Lilies Luxury Designer Ultrasonic King Double Quilted Reversible Comforter Bedcover Bedspread Ultra Premium Luxury Comforters (Design 13)|https://m.media-amazon.com/images/I/91NR8hm2SSL._AC_UL400_.jpg|1.0|1
